0.15331	0.14535	0.12468	0.11852	0.1008	0.09755	0.08239	0.08109	0.05579	0.04052
0.04078	0.03866	0.03317	0.05982	0.02682	0.02595	0.02194	0.02156	0.01486	0.71643
0.01651	0.31269	0.01343	0.01276	0.0112	0.60541	0.00888	0.00873	0.00601	0.00437
0.01651	0.31269	0.01343	0.01276	0.0112	0.60541	0.00888	0.00873	0.00601	0.00437
0.07402	0.00982	0.00843	0.00801	0.00681	0.00659	0.00612	0.87368	0.00377	0.00274
0.0235	0.02228	0.01911	0.01816	0.01545	0.01495	0.85934	0.01243	0.00856	0.00622
0.01272	0.01206	0.0514	0.87984	0.00837	0.0081	0.00684	0.00673	0.00463	0.0093
0.00874	0.00828	0.00969	0.93443	0.00575	0.00556	0.00471	0.00545	0.00319	0.0142
0.00874	0.00828	0.00969	0.93443	0.00575	0.00556	0.00471	0.00545	0.00319	0.0142
0.01651	0.01565	0.01343	0.90504	0.01086	0.01051	0.00888	0.00873	0.00601	0.00437
0.01651	0.01565	0.01343	0.90504	0.01086	0.01051	0.00888	0.00873	0.00601	0.00437
0.15331	0.14535	0.12468	0.11852	0.1008	0.09755	0.08239	0.08109	0.05579	0.04052
0.00664	0.0063	0.02722	0.45783	0.00437	0.00429	0.00357	0.00351	0.48098	0.0053
0.15331	0.14535	0.12468	0.11852	0.1008	0.09755	0.08239	0.08109	0.05579	0.04052
0.01653	0.88635	0.01344	0.01277	0.01099	0.03188	0.00889	0.00874	0.00602	0.00438
0.04075	0.04379	0.03314	0.0315	0.0268	0.02593	0.75092	0.02155	0.01484	0.01078
0.15331	0.14535	0.12468	0.11852	0.1008	0.09755	0.08239	0.08109	0.05579	0.04052
0.00874	0.00828	0.16378	0.00675	0.16282	0.00556	0.0047	0.63386	0.00319	0.00232
0.04077	0.77269	0.03316	0.03151	0.02681	0.02594	0.02192	0.02156	0.01485	0.01079
0.15331	0.14535	0.12468	0.11852	0.1008	0.09755	0.08239	0.08109	0.05579	0.04052
0.00754	0.00715	0.00613	0.00583	0.00507	0.0048	0.00406	0.95467	0.00275	0.002
0.2102	0.00983	0.04493	0.6903	0.01213	0.00974	0.00559	0.00548	0.00379	0.008
0.15331	0.14535	0.12468	0.11852	0.1008	0.09755	0.08239	0.08109	0.05579	0.04052
0.15331	0.14535	0.12468	0.11852	0.1008	0.09755	0.08239	0.08109	0.05579	0.04052
0.7705	0.03862	0.03313	0.03149	0.02679	0.02592	0.0219	0.02155	0.01932	0.01077
0.0408	0.77247	0.03318	0.03153	0.02684	0.02597	0.02196	0.02157	0.01487	0.01081
0.0408	0.77247	0.03318	0.03153	0.02684	0.02597	0.02196	0.02157	0.01487	0.01081
0.77481	0.03865	0.03316	0.03151	0.02681	0.02594	0.02192	0.02156	0.01485	0.01079
0.01652	0.68871	0.01343	0.01276	0.01102	0.01051	0.22793	0.00873	0.00602	0.00437
0.0235	0.02228	0.01911	0.01817	0.01545	0.4383	0.01264	0.01243	0.4319	0.00622
0.0235	0.02228	0.01911	0.01816	0.01545	0.01495	0.85934	0.01243	0.00856	0.00622
0.00755	0.00716	0.00614	0.41323	0.27673	0.27638	0.00406	0.00399	0.00275	0.002
0.01651	0.01565	0.89965	0.01395	0.0125	0.0105	0.00888	0.009	0.00601	0.00735
0.01037	0.00983	0.02222	0.01289	0.18036	0.0066	0.00558	0.74564	0.00378	0.00275
0.0235	0.86872	0.01911	0.01817	0.0157	0.01496	0.01264	0.01243	0.00856	0.00622
0.00664	0.0063	0.02722	0.45783	0.00437	0.00429	0.00357	0.00351	0.48098	0.0053
0.15331	0.14535	0.12468	0.11852	0.1008	0.09755	0.08239	0.08109	0.05579	0.04052
0.15331	0.14535	0.12468	0.11852	0.1008	0.09755	0.08239	0.08109	0.05579	0.04052
0.15331	0.14535	0.12468	0.11852	0.1008	0.09755	0.08239	0.08109	0.05579	0.04052
0.04081	0.03868	0.03319	0.76528	0.02684	0.02597	0.02196	0.02157	0.01488	0.01082
0.15331	0.14535	0.12468	0.11852	0.1008	0.09755	0.08239	0.08109	0.05579	0.04052
0.86898	0.02229	0.01912	0.01817	0.01546	0.01496	0.01264	0.01243	0.00974	0.00622
0.15331	0.14535	0.12468	0.11852	0.1008	0.09755	0.08239	0.08109	0.05579	0.04052
0.04074	0.03862	0.74122	0.03149	0.04344	0.02592	0.0219	0.02363	0.01483	0.0182
0.04074	0.03862	0.74122	0.03149	0.04344	0.02592	0.0219	0.02363	0.01483	0.0182
0.61095	0.01567	0.29084	0.01702	0.01087	0.01052	0.00889	0.00874	0.00602	0.02048
0.15331	0.14535	0.12468	0.11852	0.1008	0.09755	0.08239	0.08109	0.05579	0.04052
0.04075	0.04379	0.03314	0.0315	0.0268	0.02593	0.75092	0.02155	0.01484	0.01078
0.15331	0.14535	0.12468	0.11852	0.1008	0.09755	0.08239	0.08109	0.05579	0.04052
0.76525	0.03865	0.03316	0.03151	0.02681	0.02594	0.02192	0.03112	0.01485	0.01079
0.02351	0.03081	0.01912	0.01817	0.85358	0.01496	0.01264	0.01243	0.00856	0.00622
0.15331	0.14535	0.12468	0.11852	0.1008	0.09755	0.08239	0.08109	0.05579	0.04052
0.15331	0.14535	0.12468	0.11852	0.1008	0.09755	0.08239	0.08109	0.05579	0.04052
0.24088	0.01208	0.01036	0.69325	0.00838	0.00811	0.00686	0.00966	0.00605	0.00438
0.15331	0.14535	0.12468	0.11852	0.1008	0.09755	0.08239	0.08109	0.05579	0.04052
0.02349	0.02227	0.01911	0.01816	0.01545	0.01495	0.01263	0.01243	0.8553	0.00621
0.15331	0.14535	0.12468	0.11852	0.1008	0.09755	0.08239	0.08109	0.05579	0.04052
0.15331	0.14535	0.12468	0.11852	0.1008	0.09755	0.08239	0.08109	0.05579	0.04052
0.15331	0.14535	0.12468	0.11852	0.1008	0.09755	0.08239	0.08109	0.05579	0.04052
0.15331	0.14535	0.12468	0.11852	0.1008	0.09755	0.08239	0.08109	0.05579	0.04052
0.0235	0.02228	0.01912	0.01817	0.01546	0.01496	0.85931	0.01243	0.00856	0.00622
0.2859	0.01566	0.01344	0.60795	0.01087	0.01051	0.03654	0.00874	0.00602	0.00438
0.02351	0.02228	0.01912	0.01817	0.01546	0.86161	0.01264	0.01243	0.00856	0.00622
0.02351	0.02228	0.01912	0.01817	0.01546	0.86161	0.01264	0.01243	0.00856	0.00622
0.02351	0.02228	0.01912	0.01817	0.01546	0.86161	0.01264	0.01243	0.00856	0.00622
0.86394	0.02229	0.01912	0.01817	0.01546	0.01496	0.01264	0.0177	0.00856	0.00716
0.01653	0.01567	0.01344	0.90495	0.01087	0.01052	0.00889	0.00874	0.00602	0.00438
0.01653	0.01567	0.01344	0.90495	0.01087	0.01052	0.00889	0.00874	0.00602	0.00438
0.01653	0.01567	0.01344	0.90495	0.01087	0.01052	0.00889	0.00874	0.00602	0.00438
0.15331	0.14535	0.12468	0.11852	0.1008	0.09755	0.08239	0.08109	0.05579	0.04052
0.04074	0.03862	0.74122	0.03149	0.04344	0.02592	0.0219	0.02363	0.01483	0.0182
0.15331	0.14535	0.12468	0.11852	0.1008	0.09755	0.08239	0.08109	0.05579	0.04052
0.04077	0.77269	0.03316	0.03151	0.02681	0.02594	0.02192	0.02156	0.01485	0.01079
0.7705	0.03862	0.03313	0.03149	0.02679	0.02592	0.0219	0.02155	0.01932	0.01077
0.01273	0.01206	0.01035	0.01046	0.00837	0.00868	0.00684	0.00673	0.00463	0.91914
0.15331	0.14535	0.12468	0.11852	0.1008	0.09755	0.08239	0.08109	0.05579	0.04052
0.15331	0.14535	0.12468	0.11852	0.1008	0.09755	0.08239	0.08109	0.05579	0.04052
0.15331	0.14535	0.12468	0.11852	0.1008	0.09755	0.08239	0.08109	0.05579	0.04052
0.15331	0.14535	0.12468	0.11852	0.1008	0.09755	0.08239	0.08109	0.05579	0.04052
0.02351	0.43203	0.01912	0.01817	0.45236	0.01496	0.01264	0.01243	0.00856	0.00622
0.02353	0.02231	0.81939	0.02546	0.05441	0.01498	0.01266	0.01244	0.00858	0.00624
0.0235	0.86895	0.01912	0.01817	0.01546	0.01496	0.01264	0.01243	0.00856	0.00622
0.04074	0.03863	0.03314	0.0315	0.02679	0.76015	0.0219	0.02155	0.01483	0.01077
0.76525	0.03865	0.03316	0.03151	0.02681	0.02594	0.02192	0.03112	0.01485	0.01079
0.01274	0.01681	0.01036	0.00984	0.46226	0.46637	0.00686	0.00674	0.00465	0.00338
0.01651	0.01565	0.25597	0.0142	0.01392	0.0105	0.00887	0.0092	0.00601	0.64918
0.04074	0.03862	0.74122	0.03149	0.04344	0.02592	0.0219	0.02363	0.01483	0.0182
0.15331	0.14535	0.12468	0.11852	0.1008	0.09755	0.08239	0.08109	0.05579	0.04052
0.01652	0.87476	0.01343	0.01276	0.01086	0.01051	0.04203	0.00873	0.00602	0.00437
0.0235	0.86897	0.01911	0.01817	0.01545	0.01496	0.01264	0.01243	0.00856	0.00622
0.01654	0.04698	0.19302	0.01277	0.41183	0.01052	0.0089	0.00946	0.28322	0.00676
0.0235	0.02228	0.01911	0.01816	0.01545	0.86167	0.01263	0.01243	0.00855	0.00621
0.01273	0.47039	0.01035	0.00984	0.00837	0.46673	0.00685	0.00673	0.00464	0.00337
0.04077	0.03865	0.03315	0.03151	0.02681	0.02594	0.75598	0.02156	0.01485	0.01079
0.04078	0.03866	0.03317	0.05982	0.02682	0.02595	0.02194	0.02156	0.01486	0.71643
0.86899	0.02228	0.01912	0.01817	0.01546	0.01496	0.01264	0.01243	0.00973	0.00622
0.86899	0.02228	0.01912	0.01817	0.01546	0.01496	0.01264	0.01243	0.00973	0.00622
0.03157	0.01568	0.01345	0.87646	0.01088	0.02387	0.00891	0.00874	0.00603	0.00439
0.01651	0.0163	0.01343	0.01276	0.01086	0.01051	0.90053	0.00873	0.00601	0.00437
0.0408	0.77247	0.03318	0.03153	0.02684	0.02597	0.02196	0.02157	0.01487	0.01081
0.15331	0.14535	0.12468	0.11852	0.1008	0.09755	0.08239	0.08109	0.05579	0.04052
0.15331	0.14535	0.12468	0.11852	0.1008	0.09755	0.08239	0.08109	0.05579	0.04052
0.31238	0.01566	0.01344	0.60725	0.01087	0.01052	0.00889	0.00874	0.00789	0.00438
0.31238	0.01566	0.01344	0.60725	0.01087	0.01052	0.00889	0.00874	0.00789	0.00438
0.15331	0.14535	0.12468	0.11852	0.1008	0.09755	0.08239	0.08109	0.05579	0.04052
0.02349	0.02227	0.84969	0.02081	0.01922	0.01495	0.01263	0.01301	0.00855	0.01538
0.15331	0.14535	0.12468	0.11852	0.1008	0.09755	0.08239	0.08109	0.05579	0.04052
0.15331	0.14535	0.12468	0.11852	0.1008	0.09755	0.08239	0.08109	0.05579	0.04052
0.01651	0.61038	0.30021	0.01276	0.01768	0.01051	0.00888	0.00958	0.00601	0.00748
0.7705	0.03862	0.03313	0.03149	0.02679	0.02592	0.0219	0.02155	0.01932	0.01077
0.05019	0.74449	0.03316	0.03151	0.02681	0.02595	0.02193	0.02156	0.03362	0.01079
0.02352	0.69392	0.01912	0.01817	0.01547	0.01496	0.18761	0.01243	0.00857	0.00623
0.01036	0.00982	0.00842	0.38091	0.00681	0.00659	0.5651	0.00548	0.00377	0.00274
0.04079	0.42491	0.03318	0.03152	0.37447	0.02596	0.02194	0.02157	0.01486	0.01081
0.15331	0.14535	0.12468	0.11852	0.1008	0.09755	0.08239	0.08109	0.05579	0.04052
0.46975	0.01208	0.0278	0.01171	0.00838	0.00942	0.00685	0.00674	0.00464	0.44263
0.15331	0.14535	0.12468	0.11852	0.1008	0.09755	0.08239	0.08109	0.05579	0.04052
0.04075	0.03863	0.03314	0.0315	0.02679	0.02593	0.7561	0.02155	0.01483	0.01078
0.01273	0.92898	0.01035	0.00984	0.00844	0.0081	0.00684	0.00673	0.00463	0.00337
0.77481	0.03865	0.03316	0.03151	0.02681	0.02594	0.02192	0.02156	0.01485	0.01079
0.44624	0.02229	0.01913	0.01817	0.01547	0.01497	0.01265	0.01243	0.43242	0.00623
0.44259	0.01207	0.01036	0.46817	0.00838	0.03616	0.00685	0.00673	0.00532	0.00337
0.01652	0.01566	0.02557	0.8623	0.04142	0.01051	0.00889	0.00874	0.00602	0.00438
0.04074	0.77201	0.03314	0.0315	0.02763	0.02593	0.0219	0.02155	0.01483	0.01077
0.15331	0.14535	0.12468	0.11852	0.1008	0.09755	0.08239	0.08109	0.05579	0.04052
0.04077	0.03865	0.03315	0.03151	0.02681	0.02594	0.75598	0.02156	0.01485	0.01079
0.15331	0.14535	0.12468	0.11852	0.1008	0.09755	0.08239	0.08109	0.05579	0.04052
0.43982	0.0223	0.01914	0.01818	0.43887	0.01497	0.01266	0.01707	0.00858	0.00841
0.15331	0.14535	0.12468	0.11852	0.1008	0.09755	0.08239	0.08109	0.05579	0.04052
0.7705	0.03862	0.03313	0.03149	0.02679	0.02592	0.0219	0.02155	0.01932	0.01077
0.7705	0.03862	0.03313	0.03149	0.02679	0.02592	0.0219	0.02155	0.01932	0.01077
0.02352	0.02229	0.8657	0.01817	0.01547	0.01497	0.01265	0.01243	0.00857	0.00623
0.0235	0.86876	0.01911	0.01816	0.0157	0.01495	0.01263	0.01243	0.00855	0.00621
0.0235	0.02228	0.19333	0.01817	0.68289	0.01496	0.01264	0.01355	0.00856	0.01013
0.15331	0.14535	0.12468	0.11852	0.1008	0.09755	0.08239	0.08109	0.05579	0.04052
0.30863	0.01567	0.01344	0.01277	0.60615	0.01052	0.00889	0.01199	0.00602	0.00591
0.15331	0.14535	0.12468	0.11852	0.1008	0.09755	0.08239	0.08109	0.05579	0.04052
0.8967	0.01568	0.01346	0.0161	0.01307	0.01692	0.00891	0.00874	0.00604	0.00439
0.04077	0.03865	0.03316	0.03151	0.76083	0.02595	0.02193	0.02156	0.01485	0.01079
0.15331	0.14535	0.12468	0.11852	0.1008	0.09755	0.08239	0.08109	0.05579	0.04052
0.01273	0.01207	0.01036	0.92406	0.00837	0.0081	0.00685	0.00874	0.00464	0.00408
0.01651	0.01565	0.05371	0.01276	0.86023	0.01051	0.00888	0.00937	0.00601	0.00637
0.02349	0.02227	0.84969	0.02081	0.01922	0.01495	0.01263	0.01301	0.00855	0.01538
0.01273	0.01207	0.92404	0.01051	0.00929	0.0081	0.00684	0.00689	0.00463	0.00491
0.15331	0.14535	0.12468	0.11852	0.1008	0.09755	0.08239	0.08109	0.05579	0.04052
0.15331	0.14535	0.12468	0.11852	0.1008	0.09755	0.08239	0.08109	0.05579	0.04052
0.02414	0.01207	0.01035	0.00984	0.00837	0.0081	0.00776	0.91136	0.00464	0.00337
0.44015	0.02229	0.427	0.01817	0.02511	0.01496	0.01264	0.02055	0.00856	0.01057
0.02349	0.02227	0.84969	0.02081	0.01922	0.01495	0.01263	0.01301	0.00855	0.01538
0.77481	0.03865	0.03316	0.03151	0.02681	0.02594	0.02192	0.02156	0.01485	0.01079
0.15331	0.14535	0.12468	0.11852	0.1008	0.09755	0.08239	0.08109	0.05579	0.04052
0.00874	0.00828	0.32128	0.63277	0.00575	0.00556	0.0047	0.00462	0.00319	0.0051
0.01338	0.00717	0.13026	0.01556	0.22721	0.00482	0.00458	0.59223	0.00277	0.00202
0.04078	0.03866	0.03316	0.03151	0.02682	0.75994	0.02193	0.02156	0.01485	0.0108
0.02183	0.01207	0.01035	0.00984	0.00837	0.0081	0.68534	0.00673	0.23399	0.00337
0.7705	0.03862	0.03313	0.03149	0.02679	0.02592	0.0219	0.02155	0.01932	0.01077
0.15331	0.14535	0.12468	0.11852	0.1008	0.09755	0.08239	0.08109	0.05579	0.04052
0.05019	0.74449	0.03316	0.03151	0.02681	0.02595	0.02193	0.02156	0.03362	0.01079
0.0235	0.02763	0.01912	0.01817	0.01546	0.01496	0.85396	0.01243	0.00856	0.00622
0.02352	0.86886	0.01913	0.01817	0.01547	0.01497	0.01265	0.01243	0.00857	0.00623
0.15331	0.14535	0.12468	0.11852	0.1008	0.09755	0.08239	0.08109	0.05579	0.04052
0.15331	0.14535	0.12468	0.11852	0.1008	0.09755	0.08239	0.08109	0.05579	0.04052
0.01651	0.90784	0.01343	0.01276	0.01097	0.01051	0.00888	0.00873	0.00601	0.00437
0.04075	0.03864	0.03314	0.0315	0.0268	0.02593	0.75607	0.02155	0.01484	0.01078
0.15331	0.14535	0.12468	0.11852	0.1008	0.09755	0.08239	0.08109	0.05579	0.04052
0.04076	0.77277	0.03315	0.0315	0.0268	0.02593	0.02191	0.02155	0.01484	0.01078
0.15331	0.14535	0.12468	0.11852	0.1008	0.09755	0.08239	0.08109	0.05579	0.04052
0.15331	0.14535	0.12468	0.11852	0.1008	0.09755	0.08239	0.08109	0.05579	0.04052
0.04076	0.03865	0.03315	0.03314	0.75925	0.02594	0.02192	0.02156	0.01484	0.01079
0.04075	0.04379	0.03314	0.0315	0.0268	0.02593	0.75092	0.02155	0.01484	0.01078
0.0235	0.86872	0.01911	0.01817	0.0157	0.01496	0.01264	0.01243	0.00856	0.00622
0.01036	0.9338	0.00843	0.00801	0.01056	0.01126	0.00558	0.00548	0.00378	0.00275
0.15331	0.14535	0.12468	0.11852	0.1008	0.09755	0.08239	0.08109	0.05579	0.04052
0.01651	0.01565	0.25597	0.0142	0.01392	0.0105	0.00887	0.0092	0.00601	0.64918
0.01273	0.01206	0.01035	0.00984	0.00837	0.0081	0.00684	0.92371	0.00463	0.00337
0.01652	0.01566	0.88319	0.01589	0.02922	0.01051	0.00889	0.00901	0.00602	0.0051
0.00873	0.00983	0.0071	0.47825	0.00574	0.47552	0.0047	0.00462	0.00318	0.00231
0.04075	0.03863	0.03314	0.0315	0.02679	0.02593	0.7561	0.02155	0.01483	0.01078
0.05019	0.74449	0.03316	0.03151	0.02681	0.02595	0.02193	0.02156	0.03362	0.01079
0.01651	0.01565	0.59658	0.01462	0.01351	0.0105	0.00887	0.00914	0.30341	0.0112
0.15331	0.14535	0.12468	0.11852	0.1008	0.09755	0.08239	0.08109	0.05579	0.04052
0.01273	0.01532	0.02489	0.00984	0.60193	0.0081	0.00685	0.00711	0.00464	0.30861
0.15331	0.14535	0.12468	0.11852	0.1008	0.09755	0.08239	0.08109	0.05579	0.04052
0.01651	0.01565	0.89965	0.01395	0.0125	0.0105	0.00888	0.009	0.00601	0.00735
0.15331	0.14535	0.12468	0.11852	0.1008	0.09755	0.08239	0.08109	0.05579	0.04052
0.48898	0.01567	0.01344	0.01277	0.01087	0.01052	0.42861	0.00874	0.00602	0.00438
0.02349	0.02227	0.84969	0.02081	0.01922	0.01495	0.01263	0.01301	0.00855	0.01538
0.00755	0.14274	0.01171	0.69694	0.00497	0.00481	0.00406	0.00475	0.00275	0.11972
0.0235	0.02228	0.01911	0.01817	0.01546	0.86163	0.01264	0.01243	0.00856	0.00622
0.73938	0.16944	0.01344	0.01277	0.01087	0.01052	0.01288	0.00874	0.01759	0.00438
0.0235	0.02228	0.01911	0.01816	0.01545	0.86167	0.01263	0.01243	0.00855	0.00621
0.04079	0.03867	0.09049	0.05181	0.68308	0.02596	0.02195	0.02157	0.01487	0.01081
0.7705	0.03862	0.03313	0.03149	0.02679	0.02592	0.0219	0.02155	0.01932	0.01077
0.01216	0.00982	0.18067	0.01068	0.00681	0.75071	0.00557	0.00548	0.00377	0.01433
0.01766	0.90533	0.01343	0.01277	0.01086	0.01051	0.00888	0.00873	0.00745	0.00437
0.02351	0.02526	0.01912	0.01817	0.01546	0.01496	0.43293	0.01243	0.43196	0.00622
0.04074	0.03863	0.03314	0.0315	0.02679	0.76015	0.0219	0.02155	0.01483	0.01077
0.86349	0.02229	0.01912	0.01817	0.01546	0.01496	0.01265	0.01813	0.00856	0.00716
0.86349	0.02229	0.01912	0.01817	0.01546	0.01496	0.01265	0.01813	0.00856	0.00716
0.04074	0.03862	0.74122	0.03149	0.04344	0.02592	0.0219	0.02363	0.01483	0.0182
0.15331	0.14535	0.12468	0.11852	0.1008	0.09755	0.08239	0.08109	0.05579	0.04052
0.0235	0.86897	0.01911	0.01817	0.01545	0.01496	0.01264	0.01243	0.00856	0.00622
0.15331	0.14535	0.12468	0.11852	0.1008	0.09755	0.08239	0.08109	0.05579	0.04052
0.01035	0.00982	0.11821	0.008	0.01094	0.00659	0.00557	0.82213	0.00377	0.00463
0.15331	0.14535	0.12468	0.11852	0.1008	0.09755	0.08239	0.08109	0.05579	0.04052
0.01273	0.01207	0.01654	0.9088	0.02017	0.0081	0.00685	0.00673	0.00464	0.00337
0.02352	0.02229	0.8657	0.01817	0.01547	0.01497	0.01265	0.01243	0.00857	0.00623
0.76312	0.03865	0.03316	0.03151	0.02681	0.02595	0.02193	0.02952	0.01485	0.0145
0.04074	0.03862	0.74122	0.03149	0.04344	0.02592	0.0219	0.02363	0.01483	0.0182
0.01273	0.01206	0.01063	0.00984	0.00837	0.00822	0.00684	0.00673	0.92122	0.00337
0.01651	0.01565	0.01343	0.01276	0.01086	0.01072	0.00888	0.00873	0.8981	0.00437
0.04079	0.03867	0.03318	0.03152	0.02683	0.02596	0.02195	0.75542	0.01487	0.01081
0.01273	0.01206	0.01035	0.00984	0.00837	0.0081	0.00684	0.92371	0.00463	0.00337
0.02349	0.02227	0.84969	0.02081	0.01922	0.01495	0.01263	0.01301	0.00855	0.01538
0.15331	0.14535	0.12468	0.11852	0.1008	0.09755	0.08239	0.08109	0.05579	0.04052
0.77463	0.03867	0.03318	0.03152	0.02683	0.02596	0.02195	0.02157	0.01487	0.01081
0.01273	0.01207	0.92404	0.01051	0.00929	0.0081	0.00684	0.00689	0.00463	0.00491
0.04076	0.03864	0.03315	0.0315	0.76091	0.02594	0.02192	0.02156	0.01484	0.01078
0.04078	0.03866	0.03316	0.03151	0.02682	0.75994	0.02193	0.02156	0.01485	0.0108
0.30843	0.01566	0.59693	0.01463	0.01352	0.01052	0.00889	0.01412	0.00602	0.01128
0.15331	0.14535	0.12468	0.11852	0.1008	0.09755	0.08239	0.08109	0.05579	0.04052
0.15331	0.14535	0.12468	0.11852	0.1008	0.09755	0.08239	0.08109	0.05579	0.04052
0.04077	0.03865	0.03315	0.03151	0.02681	0.02594	0.75598	0.02156	0.01485	0.01079
0.01123	0.00982	0.02779	0.91445	0.00681	0.00904	0.00557	0.00548	0.00377	0.00603
0.15331	0.14535	0.12468	0.11852	0.1008	0.09755	0.08239	0.08109	0.05579	0.04052
0.04077	0.03865	0.03316	0.03151	0.76083	0.02595	0.02193	0.02156	0.01485	0.01079
0.04077	0.03865	0.03316	0.03151	0.76083	0.02595	0.02193	0.02156	0.01485	0.01079
0.04076	0.03864	0.03315	0.0315	0.76091	0.02594	0.02192	0.02156	0.01484	0.01078
0.15331	0.14535	0.12468	0.11852	0.1008	0.09755	0.08239	0.08109	0.05579	0.04052
0.15331	0.14535	0.12468	0.11852	0.1008	0.09755	0.08239	0.08109	0.05579	0.04052
0.15331	0.14535	0.12468	0.11852	0.1008	0.09755	0.08239	0.08109	0.05579	0.04052
0.02353	0.03087	0.01913	0.01818	0.84862	0.01497	0.01266	0.01723	0.00857	0.00624
0.0235	0.02228	0.01911	0.01816	0.01545	0.01495	0.85934	0.01243	0.00856	0.00622
0.01273	0.01206	0.01035	0.00984	0.00837	0.0081	0.00684	0.92371	0.00463	0.00337
0.01652	0.90252	0.01343	0.01277	0.01624	0.01051	0.00888	0.00873	0.00602	0.00437
0.74936	0.03868	0.03319	0.03153	0.05204	0.02597	0.02196	0.02157	0.01488	0.01082
0.04076	0.03864	0.03315	0.0315	0.76091	0.02594	0.02192	0.02156	0.01484	0.01078
0.04074	0.77201	0.03314	0.0315	0.02763	0.02593	0.0219	0.02155	0.01483	0.01077
0.02349	0.02227	0.84969	0.02081	0.01922	0.01495	0.01263	0.01301	0.00855	0.01538
0.04074	0.03863	0.72437	0.04196	0.02679	0.02592	0.0219	0.02155	0.01483	0.04331
0.01272	0.01206	0.0514	0.87984	0.00837	0.0081	0.00684	0.00673	0.00463	0.0093
0.01272	0.01206	0.0514	0.87984	0.00837	0.0081	0.00684	0.00673	0.00463	0.0093
0.01651	0.01565	0.01343	0.90504	0.01086	0.01051	0.00888	0.00873	0.00601	0.00437
0.15331	0.14535	0.12468	0.11852	0.1008	0.09755	0.08239	0.08109	0.05579	0.04052
0.7705	0.03862	0.03313	0.03149	0.02679	0.02592	0.0219	0.02155	0.01932	0.01077
0.7705	0.03862	0.03313	0.03149	0.02679	0.02592	0.0219	0.02155	0.01932	0.01077
0.7705	0.03862	0.03313	0.03149	0.02679	0.02592	0.0219	0.02155	0.01932	0.01077
0.7705	0.03862	0.03313	0.03149	0.02679	0.02592	0.0219	0.02155	0.01932	0.01077
0.61084	0.02232	0.01915	0.06138	0.0155	0.22907	0.01268	0.01245	0.01034	0.00625
0.61084	0.02232	0.01915	0.06138	0.0155	0.22907	0.01268	0.01245	0.01034	0.00625
0.15331	0.14535	0.12468	0.11852	0.1008	0.09755	0.08239	0.08109	0.05579	0.04052
0.44568	0.40646	0.01917	0.0182	0.01551	0.015	0.0127	0.04981	0.01121	0.00627
0.01654	0.31257	0.60863	0.01278	0.01088	0.01053	0.00891	0.00874	0.00603	0.00439
0.19376	0.00982	0.75222	0.00856	0.00756	0.00659	0.00557	0.00819	0.00378	0.00394
0.02349	0.02227	0.84969	0.02081	0.01922	0.01495	0.01263	0.01301	0.00855	0.01538
0.7705	0.03862	0.03313	0.03149	0.02679	0.02592	0.0219	0.02155	0.01932	0.01077
0.7705	0.03862	0.03313	0.03149	0.02679	0.02592	0.0219	0.02155	0.01932	0.01077
0.04074	0.77201	0.03314	0.0315	0.02763	0.02593	0.0219	0.02155	0.01483	0.01077
0.01651	0.01565	0.11547	0.79159	0.01085	0.0105	0.00887	0.00873	0.00601	0.0158
0.00755	0.00876	0.00614	0.00583	0.00507	0.0048	0.00406	0.95305	0.00275	0.002
0.01651	0.01565	0.89965	0.01395	0.0125	0.0105	0.00888	0.009	0.00601	0.00735
0.01036	0.00982	0.31657	0.63106	0.00681	0.00659	0.00557	0.00548	0.00377	0.00397
0.01036	0.00982	0.31657	0.63106	0.00681	0.00659	0.00557	0.00548	0.00377	0.00397
0.15331	0.14535	0.12468	0.11852	0.1008	0.09755	0.08239	0.08109	0.05579	0.04052
0.05678	0.0223	0.01913	0.44132	0.01547	0.4051	0.01266	0.01244	0.00857	0.00623
0.05678	0.0223	0.01913	0.44132	0.01547	0.4051	0.01266	0.01244	0.00857	0.00623
0.04074	0.03863	0.72437	0.04196	0.02679	0.02592	0.0219	0.02155	0.01483	0.04331
0.32323	0.02229	0.02081	0.01817	0.01546	0.01496	0.01264	0.01243	0.55379	0.00622
0.02349	0.02227	0.84969	0.02081	0.01922	0.01495	0.01263	0.01301	0.00855	0.01538
0.15331	0.14535	0.12468	0.11852	0.1008	0.09755	0.08239	0.08109	0.05579	0.04052
0.01036	0.00982	0.00842	0.008	0.00681	0.37935	0.00557	0.56514	0.00377	0.00274
0.01036	0.00982	0.00842	0.008	0.00681	0.37935	0.00557	0.56514	0.00377	0.00274
0.01035	0.00982	0.00842	0.008	0.00681	0.37953	0.00557	0.56499	0.00377	0.00274
0.03662	0.01207	0.01035	0.00984	0.00837	0.0081	0.00685	0.89979	0.00464	0.00337
0.7705	0.03862	0.03313	0.03149	0.02679	0.02592	0.0219	0.02155	0.01932	0.01077
0.01036	0.00982	0.02096	0.00811	0.73902	0.00659	0.00557	0.00579	0.19014	0.00365
0.01651	0.01942	0.05391	0.01276	0.85623	0.01051	0.00888	0.00937	0.00601	0.00639
0.15331	0.14535	0.12468	0.11852	0.1008	0.09755	0.08239	0.08109	0.05579	0.04052
0.02353	0.0223	0.01914	0.01818	0.85719	0.01498	0.01266	0.0172	0.00858	0.00624
0.04074	0.03863	0.03314	0.0315	0.02679	0.76015	0.0219	0.02155	0.01483	0.01077
0.0235	0.02228	0.01911	0.01816	0.01545	0.86167	0.01263	0.01243	0.00855	0.00621
0.02351	0.86892	0.01912	0.01817	0.01546	0.01496	0.01264	0.01243	0.00856	0.00622
0.01654	0.01568	0.53621	0.01488	0.36217	0.01053	0.0089	0.01706	0.00603	0.01201
0.15331	0.14535	0.12468	0.11852	0.1008	0.09755	0.08239	0.08109	0.05579	0.04052
0.01657	0.28232	0.01348	0.01279	0.60796	0.01055	0.00893	0.03694	0.00605	0.00441
0.15331	0.14535	0.12468	0.11852	0.1008	0.09755	0.08239	0.08109	0.05579	0.04052
0.04074	0.03863	0.03314	0.0315	0.02679	0.76015	0.0219	0.02155	0.01483	0.01077
0.15331	0.14535	0.12468	0.11852	0.1008	0.09755	0.08239	0.08109	0.05579	0.04052
0.04074	0.03862	0.74122	0.03149	0.04344	0.02592	0.0219	0.02363	0.01483	0.0182
0.15331	0.14535	0.12468	0.11852	0.1008	0.09755	0.08239	0.08109	0.05579	0.04052
0.15331	0.14535	0.12468	0.11852	0.1008	0.09755	0.08239	0.08109	0.05579	0.04052
0.04074	0.03863	0.03314	0.0315	0.02679	0.76015	0.0219	0.02155	0.01483	0.01077
0.03805	0.00981	0.00842	0.008	0.00681	0.00667	0.00557	0.00547	0.90846	0.00274
0.02351	0.02229	0.01912	0.8648	0.01546	0.01496	0.01264	0.01243	0.00856	0.00622
0.15331	0.14535	0.12468	0.11852	0.1008	0.09755	0.08239	0.08109	0.05579	0.04052
0.04079	0.77258	0.03317	0.03152	0.02682	0.02596	0.02194	0.02157	0.01486	0.0108
0.7705	0.03862	0.03313	0.03149	0.02679	0.02592	0.0219	0.02155	0.01932	0.01077
0.15331	0.14535	0.12468	0.11852	0.1008	0.09755	0.08239	0.08109	0.05579	0.04052
0.15331	0.14535	0.12468	0.11852	0.1008	0.09755	0.08239	0.08109	0.05579	0.04052
0.15331	0.14535	0.12468	0.11852	0.1008	0.09755	0.08239	0.08109	0.05579	0.04052
0.01036	0.00982	0.08573	0.008	0.30014	0.00659	0.56508	0.00597	0.00377	0.00453
0.09327	0.01568	0.29095	0.01703	0.01088	0.01053	0.01121	0.52378	0.00603	0.02064
0.04074	0.03863	0.03314	0.0315	0.02679	0.76015	0.0219	0.02155	0.01483	0.01077
0.04074	0.03863	0.03314	0.0315	0.02679	0.76015	0.0219	0.02155	0.01483	0.01077
0.15331	0.14535	0.12468	0.11852	0.1008	0.09755	0.08239	0.08109	0.05579	0.04052
0.15331	0.14535	0.12468	0.11852	0.1008	0.09755	0.08239	0.08109	0.05579	0.04052
0.15331	0.14535	0.12468	0.11852	0.1008	0.09755	0.08239	0.08109	0.05579	0.04052
0.0235	0.02228	0.01912	0.01817	0.01546	0.01496	0.85931	0.01243	0.00856	0.00622
0.00935	0.01253	0.0071	0.00675	0.00574	0.00562	0.16158	0.00462	0.7844	0.00231
0.15331	0.14535	0.12468	0.11852	0.1008	0.09755	0.08239	0.08109	0.05579	0.04052
0.15331	0.14535	0.12468	0.11852	0.1008	0.09755	0.08239	0.08109	0.05579	0.04052
0.02351	0.06027	0.21047	0.01817	0.6277	0.01496	0.01265	0.01356	0.00856	0.01014
0.15331	0.14535	0.12468	0.11852	0.1008	0.09755	0.08239	0.08109	0.05579	0.04052
0.15331	0.14535	0.12468	0.11852	0.1008	0.09755	0.08239	0.08109	0.05579	0.04052
0.04074	0.03863	0.03314	0.76572	0.02679	0.02593	0.0219	0.02155	0.01483	0.01077
0.00664	0.0063	0.0054	0.96179	0.00437	0.00423	0.00357	0.00351	0.00242	0.00176
0.00664	0.0063	0.04677	0.00513	0.00704	0.00423	0.00357	0.91503	0.00242	0.00288
0.15331	0.14535	0.12468	0.11852	0.1008	0.09755	0.08239	0.08109	0.05579	0.04052
0.02352	0.0223	0.85166	0.02613	0.01927	0.01497	0.01266	0.01303	0.00857	0.00789
0.15331	0.14535	0.12468	0.11852	0.1008	0.09755	0.08239	0.08109	0.05579	0.04052
0.01273	0.01207	0.92404	0.01051	0.00929	0.0081	0.00684	0.00689	0.00463	0.00491
0.02349	0.02227	0.84969	0.02081	0.01922	0.01495	0.01263	0.01301	0.00855	0.01538
0.02349	0.02227	0.84969	0.02081	0.01922	0.01495	0.01263	0.01301	0.00855	0.01538
0.77481	0.03865	0.03316	0.03151	0.02681	0.02594	0.02192	0.02156	0.01485	0.01079
0.15331	0.14535	0.12468	0.11852	0.1008	0.09755	0.08239	0.08109	0.05579	0.04052
0.15331	0.14535	0.12468	0.11852	0.1008	0.09755	0.08239	0.08109	0.05579	0.04052
0.15331	0.14535	0.12468	0.11852	0.1008	0.09755	0.08239	0.08109	0.05579	0.04052
0.04078	0.03865	0.76716	0.03151	0.02682	0.02595	0.02193	0.02156	0.01485	0.01079
0.04078	0.03866	0.03316	0.03151	0.02682	0.75994	0.02193	0.02156	0.01485	0.0108
0.01651	0.01565	0.01342	0.01276	0.01085	0.0105	0.00887	0.90106	0.00601	0.00436
0.15331	0.14535	0.12468	0.11852	0.1008	0.09755	0.08239	0.08109	0.05579	0.04052
0.0235	0.86897	0.01911	0.01817	0.01545	0.01496	0.01264	0.01243	0.00856	0.00622
0.04076	0.77277	0.03315	0.0315	0.0268	0.02593	0.02191	0.02155	0.01484	0.01078
0.15331	0.14535	0.12468	0.11852	0.1008	0.09755	0.08239	0.08109	0.05579	0.04052
0.02351	0.8687	0.01912	0.01817	0.0157	0.01496	0.01264	0.01243	0.00856	0.00622
0.15331	0.14535	0.12468	0.11852	0.1008	0.09755	0.08239	0.08109	0.05579	0.04052
0.04074	0.03862	0.74122	0.03149	0.04344	0.02592	0.0219	0.02363	0.01483	0.0182
0.15331	0.14535	0.12468	0.11852	0.1008	0.09755	0.08239	0.08109	0.05579	0.04052
0.15331	0.14535	0.12468	0.11852	0.1008	0.09755	0.08239	0.08109	0.05579	0.04052
0.77481	0.03865	0.03316	0.03151	0.02681	0.02594	0.02192	0.02156	0.01485	0.01079
0.7705	0.03862	0.03313	0.03149	0.02679	0.02592	0.0219	0.02155	0.01932	0.01077
0.15331	0.14535	0.12468	0.11852	0.1008	0.09755	0.08239	0.08109	0.05579	0.04052
0.01273	0.47016	0.01036	0.00984	0.00851	0.46681	0.00685	0.00673	0.00464	0.00337
0.15331	0.14535	0.12468	0.11852	0.1008	0.09755	0.08239	0.08109	0.05579	0.04052
0.15331	0.14535	0.12468	0.11852	0.1008	0.09755	0.08239	0.08109	0.05579	0.04052
0.15331	0.14535	0.12468	0.11852	0.1008	0.09755	0.08239	0.08109	0.05579	0.04052
0.02349	0.02227	0.84969	0.02081	0.01922	0.01495	0.01263	0.01301	0.00855	0.01538
0.02349	0.02227	0.84969	0.02081	0.01922	0.01495	0.01263	0.01301	0.00855	0.01538
0.15331	0.14535	0.12468	0.11852	0.1008	0.09755	0.08239	0.08109	0.05579	0.04052
0.15331	0.14535	0.12468	0.11852	0.1008	0.09755	0.08239	0.08109	0.05579	0.04052
0.15331	0.14535	0.12468	0.11852	0.1008	0.09755	0.08239	0.08109	0.05579	0.04052
0.15331	0.14535	0.12468	0.11852	0.1008	0.09755	0.08239	0.08109	0.05579	0.04052
0.7705	0.03862	0.03313	0.03149	0.02679	0.02592	0.0219	0.02155	0.01932	0.01077
0.15331	0.14535	0.12468	0.11852	0.1008	0.09755	0.08239	0.08109	0.05579	0.04052
0.15331	0.14535	0.12468	0.11852	0.1008	0.09755	0.08239	0.08109	0.05579	0.04052
0.15331	0.14535	0.12468	0.11852	0.1008	0.09755	0.08239	0.08109	0.05579	0.04052
0.04077	0.03865	0.03316	0.03151	0.76086	0.02594	0.02192	0.02156	0.01485	0.01079
0.15331	0.14535	0.12468	0.11852	0.1008	0.09755	0.08239	0.08109	0.05579	0.04052
0.15331	0.14535	0.12468	0.11852	0.1008	0.09755	0.08239	0.08109	0.05579	0.04052
0.15331	0.14535	0.12468	0.11852	0.1008	0.09755	0.08239	0.08109	0.05579	0.04052
0.15331	0.14535	0.12468	0.11852	0.1008	0.09755	0.08239	0.08109	0.05579	0.04052
0.15331	0.14535	0.12468	0.11852	0.1008	0.09755	0.08239	0.08109	0.05579	0.04052
0.15331	0.14535	0.12468	0.11852	0.1008	0.09755	0.08239	0.08109	0.05579	0.04052
0.15331	0.14535	0.12468	0.11852	0.1008	0.09755	0.08239	0.08109	0.05579	0.04052
0.15331	0.14535	0.12468	0.11852	0.1008	0.09755	0.08239	0.08109	0.05579	0.04052
0.15331	0.14535	0.12468	0.11852	0.1008	0.09755	0.08239	0.08109	0.05579	0.04052
0.15331	0.14535	0.12468	0.11852	0.1008	0.09755	0.08239	0.08109	0.05579	0.04052
0.04075	0.03863	0.03314	0.0315	0.0268	0.02593	0.02191	0.02155	0.74902	0.01078
0.15331	0.14535	0.12468	0.11852	0.1008	0.09755	0.08239	0.08109	0.05579	0.04052
0.01035	0.00981	0.34912	0.00926	0.00833	0.00659	0.00556	0.58965	0.00377	0.00757
0.02351	0.02229	0.01912	0.01817	0.86211	0.01496	0.01264	0.01243	0.00856	0.00622
0.01652	0.31229	0.01344	0.01277	0.01087	0.01052	0.60446	0.00874	0.00602	0.00438
0.04076	0.0626	0.03315	0.03151	0.02681	0.02594	0.73206	0.02156	0.01484	0.01079
0.01387	0.02082	0.01064	0.00984	0.00837	0.0081	0.00685	0.00673	0.91142	0.00337
0.02352	0.02229	0.01913	0.01911	0.43774	0.43832	0.01265	0.01244	0.00857	0.00623
0.04074	0.77201	0.03314	0.0315	0.02763	0.02593	0.0219	0.02155	0.01483	0.01077
0.04079	0.42491	0.03318	0.03152	0.37447	0.02596	0.02194	0.02157	0.01486	0.01081
0.0408	0.07171	0.03318	0.03152	0.02684	0.72674	0.02195	0.02157	0.01487	0.01081
0.04075	0.03863	0.03314	0.0315	0.02679	0.02593	0.7561	0.02155	0.01483	0.01078
0.15331	0.14535	0.12468	0.11852	0.1008	0.09755	0.08239	0.08109	0.05579	0.04052
0.04074	0.03863	0.03313	0.0315	0.02679	0.02592	0.0219	0.02155	0.74906	0.01077
0.05019	0.74449	0.03316	0.03151	0.02681	0.02595	0.02193	0.02156	0.03362	0.01079
0.15331	0.14535	0.12468	0.11852	0.1008	0.09755	0.08239	0.08109	0.05579	0.04052
0.15331	0.14535	0.12468	0.11852	0.1008	0.09755	0.08239	0.08109	0.05579	0.04052
0.15331	0.14535	0.12468	0.11852	0.1008	0.09755	0.08239	0.08109	0.05579	0.04052
0.15331	0.14535	0.12468	0.11852	0.1008	0.09755	0.08239	0.08109	0.05579	0.04052
0.15331	0.14535	0.12468	0.11852	0.1008	0.09755	0.08239	0.08109	0.05579	0.04052
0.15331	0.14535	0.12468	0.11852	0.1008	0.09755	0.08239	0.08109	0.05579	0.04052
0.01273	0.01619	0.01036	0.00997	0.92067	0.0081	0.00685	0.00713	0.00464	0.00337
0.00664	0.0063	0.04677	0.00513	0.00704	0.00423	0.00357	0.91503	0.00242	0.00288
0.15331	0.14535	0.12468	0.11852	0.1008	0.09755	0.08239	0.08109	0.05579	0.04052
0.04074	0.77201	0.03314	0.0315	0.02763	0.02593	0.0219	0.02155	0.01483	0.01077
0.02351	0.02229	0.02802	0.02262	0.84874	0.01496	0.01264	0.01243	0.00856	0.00622
0.00873	0.00828	0.0071	0.00675	0.16736	0.00556	0.0047	0.78602	0.00318	0.00231
0.04075	0.03863	0.03314	0.0315	0.76097	0.02593	0.02191	0.02155	0.01484	0.01078
0.04076	0.03865	0.03315	0.03314	0.75925	0.02594	0.02192	0.02156	0.01484	0.01079
0.15331	0.14535	0.12468	0.11852	0.1008	0.09755	0.08239	0.08109	0.05579	0.04052
0.15331	0.14535	0.12468	0.11852	0.1008	0.09755	0.08239	0.08109	0.05579	0.04052
0.01653	0.03518	0.01345	0.01277	0.28855	0.60548	0.0089	0.00874	0.00603	0.00438
0.15331	0.14535	0.12468	0.11852	0.1008	0.09755	0.08239	0.08109	0.05579	0.04052
0.15331	0.14535	0.12468	0.11852	0.1008	0.09755	0.08239	0.08109	0.05579	0.04052
0.01655	0.02892	0.28991	0.01704	0.01089	0.29412	0.00891	0.3057	0.00604	0.02192
0.0235	0.02228	0.17497	0.01816	0.02391	0.01495	0.01263	0.01353	0.00856	0.68751
0.15331	0.14535	0.12468	0.11852	0.1008	0.09755	0.08239	0.08109	0.05579	0.04052
0.01036	0.00982	0.00843	0.00801	0.27122	0.0066	0.00558	0.67345	0.00378	0.00275
0.02349	0.02227	0.84969	0.02081	0.01922	0.01495	0.01263	0.01301	0.00855	0.01538
0.02351	0.02228	0.01912	0.01817	0.01546	0.86161	0.01264	0.01243	0.00856	0.00622
0.86394	0.02229	0.01912	0.01817	0.01546	0.01496	0.01264	0.0177	0.00856	0.00716
0.30139	0.01567	0.59682	0.01464	0.01352	0.01052	0.01166	0.01847	0.00602	0.01129
0.0235	0.02228	0.01911	0.01816	0.01545	0.01495	0.85934	0.01243	0.00856	0.00622
0.04078	0.03866	0.03316	0.03151	0.02682	0.75994	0.02193	0.02156	0.01485	0.0108
0.0433	0.01936	0.01344	0.01277	0.87256	0.01052	0.0089	0.00874	0.00603	0.00438
0.15331	0.14535	0.12468	0.11852	0.1008	0.09755	0.08239	0.08109	0.05579	0.04052
0.15331	0.14535	0.12468	0.11852	0.1008	0.09755	0.08239	0.08109	0.05579	0.04052
0.01407	0.00828	0.15231	0.009	0.00574	0.00556	0.00519	0.78457	0.00318	0.0121
0.15331	0.14535	0.12468	0.11852	0.1008	0.09755	0.08239	0.08109	0.05579	0.04052
0.01273	0.01207	0.01035	0.92277	0.00837	0.0081	0.00685	0.00673	0.00464	0.00738
0.0235	0.02228	0.01912	0.01817	0.01546	0.01496	0.85931	0.01243	0.00856	0.00622
0.15331	0.14535	0.12468	0.11852	0.1008	0.09755	0.08239	0.08109	0.05579	0.04052
0.0235	0.02228	0.19337	0.01817	0.68283	0.01496	0.01264	0.01355	0.00856	0.01014
0.04074	0.03863	0.03314	0.76572	0.02679	0.02593	0.0219	0.02155	0.01483	0.01077
0.43169	0.02231	0.01914	0.44194	0.03001	0.01498	0.01267	0.01244	0.00858	0.00624
0.15331	0.14535	0.12468	0.11852	0.1008	0.09755	0.08239	0.08109	0.05579	0.04052
0.15331	0.14535	0.12468	0.11852	0.1008	0.09755	0.08239	0.08109	0.05579	0.04052
0.00755	0.00716	0.00614	0.86167	0.09987	0.00481	0.00406	0.00399	0.00275	0.002
0.19326	0.00983	0.00843	0.00908	0.37994	0.00762	0.00558	0.00806	0.00378	0.3744
0.15331	0.14535	0.12468	0.11852	0.1008	0.09755	0.08239	0.08109	0.05579	0.04052
0.04074	0.03863	0.03313	0.0315	0.02679	0.02592	0.0219	0.02155	0.74906	0.01077
0.15331	0.14535	0.12468	0.11852	0.1008	0.09755	0.08239	0.08109	0.05579	0.04052
0.7705	0.03862	0.03313	0.03149	0.02679	0.02592	0.0219	0.02155	0.01932	0.01077
0.01652	0.01566	0.05444	0.01277	0.85695	0.01052	0.00889	0.01183	0.00602	0.0064
0.7705	0.03862	0.03313	0.03149	0.02679	0.02592	0.0219	0.02155	0.01932	0.01077
0.15331	0.14535	0.12468	0.11852	0.1008	0.09755	0.08239	0.08109	0.05579	0.04052
0.15331	0.14535	0.12468	0.11852	0.1008	0.09755	0.08239	0.08109	0.05579	0.04052
0.01273	0.01207	0.01035	0.00984	0.00837	0.89901	0.00685	0.00673	0.00464	0.02941
0.15331	0.14535	0.12468	0.11852	0.1008	0.09755	0.08239	0.08109	0.05579	0.04052
0.15331	0.14535	0.12468	0.11852	0.1008	0.09755	0.08239	0.08109	0.05579	0.04052
0.01651	0.01565	0.01343	0.01276	0.01086	0.01051	0.90117	0.00873	0.00601	0.00437
0.15331	0.14535	0.12468	0.11852	0.1008	0.09755	0.08239	0.08109	0.05579	0.04052
0.04074	0.03863	0.03314	0.0315	0.02679	0.76015	0.0219	0.02155	0.01483	0.01077
0.15331	0.14535	0.12468	0.11852	0.1008	0.09755	0.08239	0.08109	0.05579	0.04052
0.01499	0.01207	0.01035	0.00984	0.00837	0.9228	0.00685	0.00673	0.00464	0.00337
0.15331	0.14535	0.12468	0.11852	0.1008	0.09755	0.08239	0.08109	0.05579	0.04052
0.01653	0.31283	0.60842	0.01277	0.01088	0.01052	0.0089	0.00874	0.00603	0.00438
0.01652	0.61037	0.01343	0.01276	0.01086	0.30805	0.00888	0.00873	0.00602	0.00437
0.15331	0.14535	0.12468	0.11852	0.1008	0.09755	0.08239	0.08109	0.05579	0.04052
0.04074	0.77201	0.03314	0.0315	0.02763	0.02593	0.0219	0.02155	0.01483	0.01077
0.02351	0.86867	0.01912	0.01817	0.01571	0.01496	0.01264	0.01243	0.00856	0.00622
0.01652	0.89303	0.01343	0.01276	0.02574	0.01051	0.00888	0.00873	0.00602	0.00437
0.71059	0.03866	0.03316	0.03151	0.02682	0.02595	0.0861	0.02156	0.01485	0.0108
0.01651	0.01565	0.30004	0.01276	0.01767	0.0105	0.00887	0.00957	0.60095	0.00747
0.15331	0.14535	0.12468	0.11852	0.1008	0.09755	0.08239	0.08109	0.05579	0.04052
0.15331	0.14535	0.12468	0.11852	0.1008	0.09755	0.08239	0.08109	0.05579	0.04052
0.0235	0.86897	0.01911	0.01817	0.01545	0.01496	0.01264	0.01243	0.00856	0.00622
0.04074	0.77201	0.03314	0.0315	0.02763	0.02593	0.0219	0.02155	0.01483	0.01077
0.76525	0.03865	0.03316	0.03151	0.02681	0.02594	0.02192	0.03112	0.01485	0.01079
0.0235	0.02228	0.01911	0.01816	0.01545	0.86167	0.01263	0.01243	0.00855	0.00621
0.60675	0.01567	0.01345	0.01277	0.30798	0.01052	0.0089	0.01287	0.00603	0.00505
0.01651	0.01565	0.25597	0.0142	0.01392	0.0105	0.00887	0.0092	0.00601	0.64918
0.02351	0.02229	0.01912	0.01817	0.01546	0.86157	0.01265	0.01243	0.00856	0.00623
0.04076	0.77277	0.03315	0.0315	0.0268	0.02593	0.02191	0.02155	0.01484	0.01078
0.01652	0.01566	0.3004	0.60722	0.01769	0.01052	0.00889	0.00958	0.00602	0.0075
0.15331	0.14535	0.12468	0.11852	0.1008	0.09755	0.08239	0.08109	0.05579	0.04052
0.09824	0.01567	0.01344	0.01277	0.01087	0.01052	0.00889	0.81919	0.00602	0.00438
0.09824	0.01567	0.01344	0.01277	0.01087	0.01052	0.00889	0.81919	0.00602	0.00438
0.30764	0.00982	0.00842	0.008	0.00681	0.00659	0.00557	0.63997	0.00444	0.00274
0.02354	0.02231	0.26976	0.12633	0.02463	0.01498	0.01267	0.0994	0.00858	0.39779
0.04074	0.03862	0.74122	0.03149	0.04344	0.02592	0.0219	0.02363	0.01483	0.0182
0.15331	0.14535	0.12468	0.11852	0.1008	0.09755	0.08239	0.08109	0.05579	0.04052
0.15331	0.14535	0.12468	0.11852	0.1008	0.09755	0.08239	0.08109	0.05579	0.04052
0.01273	0.01207	0.01035	0.92277	0.00837	0.0081	0.00685	0.00673	0.00464	0.00738
0.01273	0.01207	0.01035	0.92277	0.00837	0.0081	0.00685	0.00673	0.00464	0.00738
0.01273	0.01207	0.01035	0.92277	0.00837	0.0081	0.00685	0.00673	0.00464	0.00738
0.02349	0.02227	0.84969	0.02081	0.01922	0.01495	0.01263	0.01301	0.00855	0.01538
0.02349	0.02227	0.84969	0.02081	0.01922	0.01495	0.01263	0.01301	0.00855	0.01538
0.15331	0.14535	0.12468	0.11852	0.1008	0.09755	0.08239	0.08109	0.05579	0.04052
0.15331	0.14535	0.12468	0.11852	0.1008	0.09755	0.08239	0.08109	0.05579	0.04052
0.15331	0.14535	0.12468	0.11852	0.1008	0.09755	0.08239	0.08109	0.05579	0.04052
0.15331	0.14535	0.12468	0.11852	0.1008	0.09755	0.08239	0.08109	0.05579	0.04052
0.81998	0.02228	0.01912	0.01817	0.01546	0.06392	0.01264	0.01243	0.00979	0.00622
0.81998	0.02228	0.01912	0.01817	0.01546	0.06392	0.01264	0.01243	0.00979	0.00622
0.15331	0.14535	0.12468	0.11852	0.1008	0.09755	0.08239	0.08109	0.05579	0.04052
0.15331	0.14535	0.12468	0.11852	0.1008	0.09755	0.08239	0.08109	0.05579	0.04052
0.7705	0.03862	0.03313	0.03149	0.02679	0.02592	0.0219	0.02155	0.01932	0.01077
0.7705	0.03862	0.03313	0.03149	0.02679	0.02592	0.0219	0.02155	0.01932	0.01077
0.01274	0.01208	0.01969	0.66407	0.03249	0.23731	0.00686	0.00674	0.00465	0.00338
0.15331	0.14535	0.12468	0.11852	0.1008	0.09755	0.08239	0.08109	0.05579	0.04052
0.86349	0.02229	0.01912	0.01817	0.01546	0.01496	0.01265	0.01813	0.00856	0.00716
0.16515	0.00829	0.00711	0.00861	0.00575	0.00556	0.00471	0.7889	0.00319	0.00273
0.15331	0.14535	0.12468	0.11852	0.1008	0.09755	0.08239	0.08109	0.05579	0.04052
0.0408	0.77247	0.03318	0.03153	0.02684	0.02597	0.02196	0.02157	0.01487	0.01081
0.7705	0.03862	0.03313	0.03149	0.02679	0.02592	0.0219	0.02155	0.01932	0.01077
0.7705	0.03862	0.03313	0.03149	0.02679	0.02592	0.0219	0.02155	0.01932	0.01077
0.01651	0.01565	0.04718	0.01276	0.01516	0.0105	0.00887	0.00934	0.00601	0.85802
0.01651	0.01565	0.04718	0.01276	0.01516	0.0105	0.00887	0.00934	0.00601	0.85802
0.15331	0.14535	0.12468	0.11852	0.1008	0.09755	0.08239	0.08109	0.05579	0.04052
0.15331	0.14535	0.12468	0.11852	0.1008	0.09755	0.08239	0.08109	0.05579	0.04052
0.04079	0.03867	0.09049	0.05181	0.68308	0.02596	0.02195	0.02157	0.01487	0.01081
0.04077	0.08546	0.03316	0.03151	0.71405	0.02594	0.02192	0.02156	0.01485	0.01079
0.13553	0.02231	0.01914	0.01818	0.01548	0.01498	0.01594	0.74362	0.00858	0.00624
0.04074	0.77201	0.03314	0.0315	0.02763	0.02593	0.0219	0.02155	0.01483	0.01077
0.02352	0.02229	0.01912	0.86476	0.01547	0.01496	0.01265	0.01243	0.00857	0.00623
0.04078	0.03866	0.03316	0.03151	0.02682	0.75994	0.02193	0.02156	0.01485	0.0108
0.02349	0.02227	0.84969	0.02081	0.01922	0.01495	0.01263	0.01301	0.00855	0.01538
0.77481	0.03865	0.03316	0.03151	0.02681	0.02594	0.02192	0.02156	0.01485	0.01079
0.01652	0.01566	0.89558	0.01797	0.01252	0.01051	0.00889	0.00901	0.00602	0.00733
0.04077	0.03865	0.03316	0.03151	0.76086	0.02594	0.02192	0.02156	0.01485	0.01079
0.04075	0.03863	0.03314	0.0315	0.02679	0.02593	0.7561	0.02155	0.01483	0.01078
0.15331	0.14535	0.12468	0.11852	0.1008	0.09755	0.08239	0.08109	0.05579	0.04052
0.15331	0.14535	0.12468	0.11852	0.1008	0.09755	0.08239	0.08109	0.05579	0.04052
0.0235	0.02228	0.01911	0.01817	0.01546	0.01496	0.85932	0.01243	0.00856	0.00622
0.06022	0.0157	0.03779	0.03475	0.0109	0.27944	0.00893	0.00875	0.00605	0.53747
0.00755	0.00715	0.00614	0.9566	0.00496	0.0048	0.00406	0.00399	0.00275	0.002
0.01653	0.01567	0.01344	0.90495	0.01087	0.01052	0.00889	0.00874	0.00602	0.00438
0.01653	0.01567	0.01344	0.90495	0.01087	0.01052	0.00889	0.00874	0.00602	0.00438
0.15331	0.14535	0.12468	0.11852	0.1008	0.09755	0.08239	0.08109	0.05579	0.04052
0.05019	0.74449	0.03316	0.03151	0.02681	0.02595	0.02193	0.02156	0.03362	0.01079
0.04075	0.04379	0.03314	0.0315	0.0268	0.02593	0.75092	0.02155	0.01484	0.01078
0.02349	0.02227	0.84969	0.02081	0.01922	0.01495	0.01263	0.01301	0.00855	0.01538
0.15331	0.14535	0.12468	0.11852	0.1008	0.09755	0.08239	0.08109	0.05579	0.04052
0.00593	0.00919	0.01731	0.00459	0.15226	0.00378	0.00319	0.79935	0.00216	0.00224
0.15331	0.14535	0.12468	0.11852	0.1008	0.09755	0.08239	0.08109	0.05579	0.04052
0.0235	0.02228	0.19333	0.01817	0.68289	0.01496	0.01264	0.01355	0.00856	0.01013
0.02351	0.8687	0.01912	0.01817	0.0157	0.01496	0.01264	0.01243	0.00856	0.00622
0.01036	0.00982	0.0218	0.0088	0.92414	0.00659	0.00557	0.00573	0.00377	0.00343
0.01651	0.31276	0.59682	0.01463	0.01351	0.01051	0.00888	0.00915	0.00601	0.01122
0.77481	0.03865	0.03316	0.03151	0.02681	0.02594	0.02192	0.02156	0.01485	0.01079
0.0235	0.02228	0.01911	0.01817	0.01546	0.86164	0.01264	0.01243	0.00856	0.00622
0.01655	0.01569	0.59169	0.18008	0.01345	0.01053	0.00891	0.1074	0.00604	0.04966
0.0235	0.02228	0.01911	0.01816	0.01545	0.01541	0.01263	0.01243	0.85481	0.00622
0.02355	0.02232	0.01915	0.32102	0.01549	0.01499	0.01268	0.11788	0.43384	0.01908
0.15331	0.14535	0.12468	0.11852	0.1008	0.09755	0.08239	0.08109	0.05579	0.04052
0.02349	0.02227	0.84969	0.02081	0.01922	0.01495	0.01263	0.01301	0.00855	0.01538
0.01651	0.01565	0.01343	0.90504	0.01086	0.01051	0.00888	0.00873	0.00601	0.00437
0.81998	0.02228	0.01912	0.01817	0.01546	0.06392	0.01264	0.01243	0.00979	0.00622
0.81998	0.02228	0.01912	0.01817	0.01546	0.06392	0.01264	0.01243	0.00979	0.00622
0.04074	0.03863	0.72437	0.04196	0.02679	0.02592	0.0219	0.02155	0.01483	0.04331
0.15331	0.14535	0.12468	0.11852	0.1008	0.09755	0.08239	0.08109	0.05579	0.04052
0.81998	0.02228	0.01912	0.01817	0.01546	0.06392	0.01264	0.01243	0.00979	0.00622
0.02349	0.02227	0.01911	0.86491	0.01545	0.01495	0.01263	0.01243	0.00855	0.00621
0.01651	0.01565	0.01392	0.01276	0.01086	0.01072	0.00888	0.00873	0.89761	0.00437
0.15331	0.14535	0.12468	0.11852	0.1008	0.09755	0.08239	0.08109	0.05579	0.04052
0.04075	0.03863	0.03314	0.0315	0.02679	0.02593	0.7561	0.02155	0.01483	0.01078
0.01651	0.01565	0.89965	0.01395	0.0125	0.0105	0.00888	0.009	0.00601	0.00735
0.01652	0.01566	0.01343	0.01276	0.01086	0.90276	0.00888	0.00873	0.00602	0.00437
0.01273	0.01207	0.01799	0.01213	0.00837	0.00891	0.23551	0.00673	0.00464	0.68091
0.04076	0.03864	0.03315	0.03151	0.02681	0.02594	0.02192	0.02156	0.74893	0.01079
0.15331	0.14535	0.12468	0.11852	0.1008	0.09755	0.08239	0.08109	0.05579	0.04052
0.04074	0.03862	0.74122	0.03149	0.04344	0.02592	0.0219	0.02363	0.01483	0.0182
0.04074	0.03862	0.74122	0.03149	0.04344	0.02592	0.0219	0.02363	0.01483	0.0182
0.04083	0.03871	0.03321	0.03154	0.73446	0.02599	0.02199	0.04754	0.01489	0.01084
0.15331	0.14535	0.12468	0.11852	0.1008	0.09755	0.08239	0.08109	0.05579	0.04052
0.72197	0.08498	0.00845	0.00802	0.00684	0.00661	0.0056	0.15053	0.00405	0.00296
0.04075	0.03863	0.03314	0.0315	0.02679	0.02593	0.7561	0.02155	0.01483	0.01078
0.00665	0.0063	0.00541	0.48307	0.00437	0.00423	0.00358	0.48219	0.00242	0.00176
0.15331	0.14535	0.12468	0.11852	0.1008	0.09755	0.08239	0.08109	0.05579	0.04052
0.15331	0.14535	0.12468	0.11852	0.1008	0.09755	0.08239	0.08109	0.05579	0.04052
0.15331	0.14535	0.12468	0.11852	0.1008	0.09755	0.08239	0.08109	0.05579	0.04052
0.01652	0.01566	0.054	0.01276	0.85905	0.01051	0.00888	0.01022	0.00602	0.00638
0.04074	0.03862	0.74122	0.03149	0.04344	0.02592	0.0219	0.02363	0.01483	0.0182
0.04079	0.42491	0.03318	0.03152	0.37447	0.02596	0.02194	0.02157	0.01486	0.01081
0.0235	0.02762	0.01911	0.01816	0.01545	0.01495	0.85399	0.01243	0.00856	0.00622
0.15331	0.14535	0.12468	0.11852	0.1008	0.09755	0.08239	0.08109	0.05579	0.04052
0.15331	0.14535	0.12468	0.11852	0.1008	0.09755	0.08239	0.08109	0.05579	0.04052
0.15331	0.14535	0.12468	0.11852	0.1008	0.09755	0.08239	0.08109	0.05579	0.04052
0.04076	0.0626	0.03315	0.03151	0.02681	0.02594	0.73206	0.02156	0.01484	0.01079
0.15331	0.14535	0.12468	0.11852	0.1008	0.09755	0.08239	0.08109	0.05579	0.04052
0.01652	0.68871	0.01343	0.01276	0.01102	0.01051	0.22793	0.00873	0.00602	0.00437
0.01651	0.018	0.01343	0.01276	0.01086	0.01051	0.89883	0.00873	0.00601	0.00437
0.15331	0.14535	0.12468	0.11852	0.1008	0.09755	0.08239	0.08109	0.05579	0.04052
0.04081	0.03868	0.03319	0.76528	0.02684	0.02597	0.02196	0.02157	0.01488	0.01082
0.15331	0.14535	0.12468	0.11852	0.1008	0.09755	0.08239	0.08109	0.05579	0.04052
0.15331	0.14535	0.12468	0.11852	0.1008	0.09755	0.08239	0.08109	0.05579	0.04052
0.15331	0.14535	0.12468	0.11852	0.1008	0.09755	0.08239	0.08109	0.05579	0.04052
0.01035	0.00982	0.00842	0.008	0.00681	0.37953	0.00557	0.56499	0.00377	0.00274
0.15331	0.14535	0.12468	0.11852	0.1008	0.09755	0.08239	0.08109	0.05579	0.04052
0.05019	0.74449	0.03316	0.03151	0.02681	0.02595	0.02193	0.02156	0.03362	0.01079
0.15331	0.14535	0.12468	0.11852	0.1008	0.09755	0.08239	0.08109	0.05579	0.04052
0.77481	0.03865	0.03316	0.03151	0.02681	0.02594	0.02192	0.02156	0.01485	0.01079
0.7705	0.03862	0.03313	0.03149	0.02679	0.02592	0.0219	0.02155	0.01932	0.01077
0.02349	0.02227	0.84969	0.02081	0.01922	0.01495	0.01263	0.01301	0.00855	0.01538
0.02352	0.85461	0.01913	0.01817	0.02971	0.01497	0.01265	0.01244	0.00857	0.00623
0.77481	0.03865	0.03316	0.03151	0.02681	0.02594	0.02192	0.02156	0.01485	0.01079
0.01274	0.47011	0.2595	0.00985	0.0132	0.00811	0.00686	0.00732	0.20687	0.00544
0.04076	0.0626	0.03315	0.03151	0.02681	0.02594	0.73206	0.02156	0.01484	0.01079
0.15331	0.14535	0.12468	0.11852	0.1008	0.09755	0.08239	0.08109	0.05579	0.04052
0.7705	0.03862	0.03313	0.03149	0.02679	0.02592	0.0219	0.02155	0.01932	0.01077
0.04077	0.03865	0.03315	0.03151	0.02681	0.02594	0.75598	0.02156	0.01485	0.01079
0.01273	0.01207	0.08841	0.61035	0.00837	0.23703	0.00685	0.00673	0.00464	0.01281
0.15331	0.14535	0.12468	0.11852	0.1008	0.09755	0.08239	0.08109	0.05579	0.04052
0.04074	0.77201	0.03314	0.0315	0.02763	0.02593	0.0219	0.02155	0.01483	0.01077
0.15331	0.14535	0.12468	0.11852	0.1008	0.09755	0.08239	0.08109	0.05579	0.04052
0.04083	0.0387	0.03321	0.57093	0.02686	0.02599	0.02198	0.19409	0.01489	0.03251
0.04075	0.03863	0.03314	0.0315	0.02679	0.02593	0.7561	0.02155	0.01483	0.01078
0.04079	0.77258	0.03317	0.03152	0.02682	0.02596	0.02194	0.02157	0.01486	0.0108
0.05987	0.02376	0.01912	0.01817	0.01546	0.01496	0.82144	0.01243	0.00856	0.00622
0.04077	0.03865	0.03316	0.03151	0.76086	0.02594	0.02192	0.02156	0.01485	0.01079
0.15331	0.14535	0.12468	0.11852	0.1008	0.09755	0.08239	0.08109	0.05579	0.04052
0.15331	0.14535	0.12468	0.11852	0.1008	0.09755	0.08239	0.08109	0.05579	0.04052
0.15331	0.14535	0.12468	0.11852	0.1008	0.09755	0.08239	0.08109	0.05579	0.04052
0.04077	0.77269	0.03316	0.03151	0.02681	0.02594	0.02192	0.02156	0.01485	0.01079
0.15331	0.14535	0.12468	0.11852	0.1008	0.09755	0.08239	0.08109	0.05579	0.04052
0.0235	0.02228	0.01911	0.01817	0.01546	0.86163	0.01264	0.01243	0.00856	0.00622
0.04074	0.03863	0.72437	0.04196	0.02679	0.02592	0.0219	0.02155	0.01483	0.04331
0.01651	0.01565	0.01343	0.90504	0.01086	0.01051	0.00888	0.00873	0.00601	0.00437
0.01272	0.01206	0.0514	0.87984	0.00837	0.0081	0.00684	0.00673	0.00463	0.0093
0.02357	0.38512	0.42293	0.0182	0.02514	0.015	0.0127	0.07814	0.0086	0.0106
0.38254	0.00982	0.03497	0.00801	0.53883	0.0066	0.00558	0.00588	0.00378	0.004
0.15331	0.14535	0.12468	0.11852	0.1008	0.09755	0.08239	0.08109	0.05579	0.04052
0.31234	0.01566	0.60796	0.01277	0.01087	0.01051	0.00889	0.00874	0.00789	0.00438
0.15331	0.14535	0.12468	0.11852	0.1008	0.09755	0.08239	0.08109	0.05579	0.04052
0.02351	0.43211	0.01912	0.01908	0.45135	0.01496	0.01264	0.01243	0.00856	0.00622
0.77463	0.03867	0.03318	0.03152	0.02683	0.02596	0.02195	0.02157	0.01487	0.01081
0.04077	0.77269	0.03316	0.03151	0.02681	0.02594	0.02192	0.02156	0.01485	0.01079
0.04074	0.77201	0.03314	0.0315	0.02763	0.02593	0.0219	0.02155	0.01483	0.01077
0.04074	0.77201	0.03314	0.0315	0.02763	0.02593	0.0219	0.02155	0.01483	0.01077
0.0235	0.02228	0.01911	0.01816	0.01545	0.01495	0.85934	0.01243	0.00856	0.00622
0.01651	0.01565	0.25597	0.0142	0.01392	0.0105	0.00887	0.0092	0.00601	0.64918
0.15331	0.14535	0.12468	0.11852	0.1008	0.09755	0.08239	0.08109	0.05579	0.04052
0.15331	0.14535	0.12468	0.11852	0.1008	0.09755	0.08239	0.08109	0.05579	0.04052
0.05019	0.74449	0.03316	0.03151	0.02681	0.02595	0.02193	0.02156	0.03362	0.01079
0.86349	0.02229	0.01912	0.01817	0.01546	0.01496	0.01265	0.01813	0.00856	0.00716
0.0151	0.00508	0.02691	0.00414	0.00541	0.00341	0.00288	0.93252	0.00195	0.00258
0.02478	0.01859	0.00711	0.00675	0.15233	0.00556	0.0047	0.7742	0.00319	0.0028
0.04079	0.03867	0.03318	0.76538	0.02683	0.02596	0.02195	0.02157	0.01486	0.01081
0.04075	0.03863	0.03314	0.0315	0.02679	0.02593	0.7561	0.02155	0.01483	0.01078
0.15331	0.14535	0.12468	0.11852	0.1008	0.09755	0.08239	0.08109	0.05579	0.04052
0.04075	0.03863	0.03314	0.0315	0.02679	0.02593	0.7561	0.02155	0.01483	0.01078
0.01272	0.01206	0.0514	0.87984	0.00837	0.0081	0.00684	0.00673	0.00463	0.0093
0.15331	0.14535	0.12468	0.11852	0.1008	0.09755	0.08239	0.08109	0.05579	0.04052
0.04077	0.03865	0.03315	0.03151	0.02681	0.02594	0.75598	0.02156	0.01485	0.01079
0.0235	0.02228	0.01911	0.01816	0.01545	0.01495	0.01263	0.01243	0.00855	0.85294
0.15331	0.14535	0.12468	0.11852	0.1008	0.09755	0.08239	0.08109	0.05579	0.04052
0.0235	0.86897	0.01911	0.01817	0.01545	0.01496	0.01264	0.01243	0.00856	0.00622
0.01652	0.01566	0.01343	0.01276	0.01086	0.90276	0.00888	0.00873	0.00602	0.00437
0.15331	0.14535	0.12468	0.11852	0.1008	0.09755	0.08239	0.08109	0.05579	0.04052
0.15331	0.14535	0.12468	0.11852	0.1008	0.09755	0.08239	0.08109	0.05579	0.04052
0.15331	0.14535	0.12468	0.11852	0.1008	0.09755	0.08239	0.08109	0.05579	0.04052
0.15331	0.14535	0.12468	0.11852	0.1008	0.09755	0.08239	0.08109	0.05579	0.04052
0.04076	0.77277	0.03315	0.0315	0.0268	0.02593	0.02191	0.02155	0.01484	0.01078
0.15331	0.14535	0.12468	0.11852	0.1008	0.09755	0.08239	0.08109	0.05579	0.04052
0.01273	0.01207	0.69595	0.00984	0.00965	0.23739	0.00685	0.00694	0.00464	0.00394
0.0235	0.02525	0.01911	0.01817	0.01545	0.01496	0.43279	0.01243	0.43211	0.00622
0.7705	0.03862	0.03313	0.03149	0.02679	0.02592	0.0219	0.02155	0.01932	0.01077
0.04074	0.77201	0.03314	0.0315	0.02763	0.02593	0.0219	0.02155	0.01483	0.01077
0.7705	0.03862	0.03313	0.03149	0.02679	0.02592	0.0219	0.02155	0.01932	0.01077
0.7705	0.03862	0.03313	0.03149	0.02679	0.02592	0.0219	0.02155	0.01932	0.01077
0.15331	0.14535	0.12468	0.11852	0.1008	0.09755	0.08239	0.08109	0.05579	0.04052
0.01651	0.01565	0.01342	0.01276	0.01085	0.0105	0.00887	0.90106	0.00601	0.00436
0.01651	0.90795	0.01343	0.01276	0.01086	0.01051	0.00888	0.00873	0.00601	0.00437
0.04074	0.03863	0.72437	0.04196	0.02679	0.02592	0.0219	0.02155	0.01483	0.04331
0.15331	0.14535	0.12468	0.11852	0.1008	0.09755	0.08239	0.08109	0.05579	0.04052
0.04075	0.04379	0.03314	0.0315	0.0268	0.02593	0.75092	0.02155	0.01484	0.01078
0.7705	0.03862	0.03313	0.03149	0.02679	0.02592	0.0219	0.02155	0.01932	0.01077
0.86898	0.02229	0.01912	0.01817	0.01546	0.01496	0.01264	0.01243	0.00974	0.00622
0.86898	0.02229	0.01912	0.01817	0.01546	0.01496	0.01264	0.01243	0.00974	0.00622
0.15331	0.14535	0.12468	0.11852	0.1008	0.09755	0.08239	0.08109	0.05579	0.04052
0.02349	0.02227	0.84969	0.02081	0.01922	0.01495	0.01263	0.01301	0.00855	0.01538
0.02349	0.02227	0.01911	0.01816	0.01545	0.01495	0.01263	0.01243	0.8553	0.00621
0.15331	0.14535	0.12468	0.11852	0.1008	0.09755	0.08239	0.08109	0.05579	0.04052
0.0235	0.44503	0.01911	0.01816	0.01594	0.01495	0.01263	0.01243	0.43203	0.00622
0.04079	0.03867	0.76702	0.03152	0.02683	0.02596	0.02195	0.02157	0.01487	0.01081
0.04074	0.03863	0.03313	0.0315	0.02679	0.02592	0.0219	0.02155	0.74906	0.01077
0.15331	0.14535	0.12468	0.11852	0.1008	0.09755	0.08239	0.08109	0.05579	0.04052
0.15331	0.14535	0.12468	0.11852	0.1008	0.09755	0.08239	0.08109	0.05579	0.04052
0.15331	0.14535	0.12468	0.11852	0.1008	0.09755	0.08239	0.08109	0.05579	0.04052
0.86898	0.02229	0.01912	0.01817	0.01546	0.01496	0.01264	0.01243	0.00974	0.00622
0.86898	0.02229	0.01912	0.01817	0.01546	0.01496	0.01264	0.01243	0.00974	0.00622
0.0235	0.02369	0.01911	0.01816	0.01545	0.01495	0.85794	0.01243	0.00855	0.00621
0.15331	0.14535	0.12468	0.11852	0.1008	0.09755	0.08239	0.08109	0.05579	0.04052
0.15331	0.14535	0.12468	0.11852	0.1008	0.09755	0.08239	0.08109	0.05579	0.04052
0.01035	0.00982	0.11821	0.008	0.01094	0.00659	0.00557	0.82213	0.00377	0.00463
0.04078	0.03866	0.03316	0.03151	0.02682	0.75994	0.02193	0.02156	0.01485	0.0108
0.15331	0.14535	0.12468	0.11852	0.1008	0.09755	0.08239	0.08109	0.05579	0.04052
0.04074	0.03863	0.03314	0.0315	0.02679	0.76015	0.0219	0.02155	0.01483	0.01077
0.01651	0.01565	0.25597	0.0142	0.01392	0.0105	0.00887	0.0092	0.00601	0.64918
0.15331	0.14535	0.12468	0.11852	0.1008	0.09755	0.08239	0.08109	0.05579	0.04052
0.04075	0.03863	0.03314	0.0315	0.76097	0.02593	0.02191	0.02155	0.01484	0.01078
0.15331	0.14535	0.12468	0.11852	0.1008	0.09755	0.08239	0.08109	0.05579	0.04052
0.15331	0.14535	0.12468	0.11852	0.1008	0.09755	0.08239	0.08109	0.05579	0.04052
0.01652	0.60994	0.30011	0.01277	0.01818	0.01051	0.00889	0.00958	0.00602	0.00749
0.01652	0.60994	0.30011	0.01277	0.01818	0.01051	0.00889	0.00958	0.00602	0.00749
0.15331	0.14535	0.12468	0.11852	0.1008	0.09755	0.08239	0.08109	0.05579	0.04052
0.7705	0.03862	0.03313	0.03149	0.02679	0.02592	0.0219	0.02155	0.01932	0.01077
0.15331	0.14535	0.12468	0.11852	0.1008	0.09755	0.08239	0.08109	0.05579	0.04052
0.01765	0.90537	0.01343	0.01276	0.01086	0.01051	0.00888	0.00873	0.00744	0.00437
0.71059	0.03866	0.03316	0.03151	0.02682	0.02595	0.0861	0.02156	0.01485	0.0108
0.15331	0.14535	0.12468	0.11852	0.1008	0.09755	0.08239	0.08109	0.05579	0.04052
0.7705	0.03862	0.03313	0.03149	0.02679	0.02592	0.0219	0.02155	0.01932	0.01077
0.15331	0.14535	0.12468	0.11852	0.1008	0.09755	0.08239	0.08109	0.05579	0.04052
0.01651	0.01565	0.11547	0.79159	0.01085	0.0105	0.00887	0.00873	0.00601	0.0158
0.04074	0.03863	0.03313	0.0315	0.02679	0.02592	0.0219	0.02155	0.74906	0.01077
0.6054	0.01567	0.31037	0.01277	0.01087	0.01052	0.01444	0.00874	0.00685	0.00438
0.01035	0.00982	0.00842	0.008	0.00681	0.00659	0.00557	0.93793	0.00377	0.00274
0.04075	0.03863	0.03314	0.0315	0.0268	0.02593	0.02191	0.02155	0.74902	0.01078
0.01654	0.61109	0.03762	0.02103	0.27515	0.01052	0.0089	0.00874	0.00603	0.00439
0.15331	0.14535	0.12468	0.11852	0.1008	0.09755	0.08239	0.08109	0.05579	0.04052
0.15331	0.14535	0.12468	0.11852	0.1008	0.09755	0.08239	0.08109	0.05579	0.04052
0.15331	0.14535	0.12468	0.11852	0.1008	0.09755	0.08239	0.08109	0.05579	0.04052
0.02059	0.01566	0.01343	0.01276	0.01086	0.8987	0.00888	0.00873	0.00601	0.00437
0.15331	0.14535	0.12468	0.11852	0.1008	0.09755	0.08239	0.08109	0.05579	0.04052
0.04075	0.04379	0.03314	0.0315	0.0268	0.02593	0.75092	0.02155	0.01484	0.01078
0.04077	0.03865	0.03315	0.03151	0.02681	0.02594	0.75598	0.02156	0.01485	0.01079
0.00881	0.0063	0.0054	0.00513	0.00564	0.00423	0.00381	0.95649	0.00242	0.00176
0.0235	0.02228	0.01911	0.01817	0.01546	0.01496	0.85932	0.01243	0.00856	0.00622
0.44416	0.02228	0.01911	0.01816	0.01545	0.01495	0.01263	0.01243	0.0112	0.42963
0.76525	0.03865	0.03316	0.03151	0.02681	0.02594	0.02192	0.03112	0.01485	0.01079
0.15331	0.14535	0.12468	0.11852	0.1008	0.09755	0.08239	0.08109	0.05579	0.04052
0.02353	0.24471	0.01914	0.01818	0.21582	0.43869	0.01267	0.01244	0.00858	0.00624
0.15331	0.14535	0.12468	0.11852	0.1008	0.09755	0.08239	0.08109	0.05579	0.04052
0.01651	0.01565	0.30014	0.01276	0.01767	0.60533	0.00888	0.00958	0.00601	0.00747
0.15331	0.14535	0.12468	0.11852	0.1008	0.09755	0.08239	0.08109	0.05579	0.04052
0.15331	0.14535	0.12468	0.11852	0.1008	0.09755	0.08239	0.08109	0.05579	0.04052
0.04076	0.77277	0.03315	0.0315	0.0268	0.02593	0.02191	0.02155	0.01484	0.01078
0.3266	0.00716	0.00615	0.27728	0.00497	0.36501	0.00407	0.00399	0.00276	0.00201
0.00664	0.0063	0.0054	0.96179	0.00437	0.00423	0.00357	0.00351	0.00242	0.00176
0.01274	0.01208	0.01036	0.92671	0.00838	0.00811	0.00686	0.00674	0.00464	0.00338
0.90521	0.01565	0.01343	0.01276	0.01086	0.01051	0.01194	0.00873	0.00654	0.00437
0.15331	0.14535	0.12468	0.11852	0.1008	0.09755	0.08239	0.08109	0.05579	0.04052
0.15331	0.14535	0.12468	0.11852	0.1008	0.09755	0.08239	0.08109	0.05579	0.04052
0.02351	0.02228	0.01912	0.02383	0.01546	0.01729	0.01264	0.01243	0.00856	0.84489
0.04076	0.0626	0.03315	0.03151	0.02681	0.02594	0.73206	0.02156	0.01484	0.01079
0.01654	0.01568	0.03763	0.02103	0.27511	0.60593	0.00891	0.00874	0.00603	0.00439
0.90423	0.01566	0.01343	0.01277	0.01086	0.01051	0.00888	0.01284	0.00602	0.0048
0.01273	0.01373	0.01036	0.00984	0.00837	0.89684	0.00685	0.00673	0.00464	0.02991
0.04083	0.03871	0.03321	0.03154	0.73446	0.02599	0.02199	0.04754	0.01489	0.01084
0.04076	0.03864	0.03315	0.03151	0.02681	0.02594	0.02192	0.02156	0.74893	0.01079
0.15331	0.14535	0.12468	0.11852	0.1008	0.09755	0.08239	0.08109	0.05579	0.04052
0.02352	0.0223	0.01913	0.86471	0.01547	0.01497	0.01266	0.01244	0.00857	0.00623
0.00755	0.00715	0.00614	0.54889	0.00496	0.0048	0.00406	0.41169	0.00275	0.002
0.01496	0.01367	0.01035	0.00984	0.00837	0.92121	0.00685	0.00673	0.00464	0.00337
0.01496	0.01367	0.01035	0.00984	0.00837	0.92121	0.00685	0.00673	0.00464	0.00337
0.04074	0.77201	0.03314	0.0315	0.02763	0.02593	0.0219	0.02155	0.01483	0.01077
0.7705	0.03862	0.03313	0.03149	0.02679	0.02592	0.0219	0.02155	0.01932	0.01077
0.15331	0.14535	0.12468	0.11852	0.1008	0.09755	0.08239	0.08109	0.05579	0.04052
0.01652	0.01566	0.04034	0.01541	0.01086	0.35288	0.00888	0.00873	0.00602	0.5247
0.04076	0.77277	0.03315	0.0315	0.0268	0.02593	0.02191	0.02155	0.01484	0.01078
0.02354	0.02232	0.01915	0.46324	0.4168	0.01499	0.01268	0.01245	0.00859	0.00625
0.15331	0.14535	0.12468	0.11852	0.1008	0.09755	0.08239	0.08109	0.05579	0.04052
0.00873	0.00827	0.31499	0.00773	0.00714	0.00564	0.00469	0.00483	0.63184	0.00615
0.00873	0.00827	0.31499	0.00773	0.00714	0.00564	0.00469	0.00483	0.63184	0.00615
0.02355	0.05841	0.01915	0.01819	0.01678	0.01499	0.01268	0.8214	0.00859	0.00625
0.15331	0.14535	0.12468	0.11852	0.1008	0.09755	0.08239	0.08109	0.05579	0.04052
0.01653	0.01567	0.30048	0.60709	0.0177	0.01052	0.00889	0.00958	0.00602	0.00751
0.01274	0.01208	0.01036	0.00984	0.23679	0.49542	0.00686	0.00674	0.20578	0.00338
0.01651	0.01565	0.01343	0.90504	0.01086	0.01051	0.00888	0.00873	0.00601	0.00437
0.01272	0.01206	0.0514	0.87984	0.00837	0.0081	0.00684	0.00673	0.00463	0.0093
0.01272	0.01206	0.0514	0.87984	0.00837	0.0081	0.00684	0.00673	0.00463	0.0093
0.01035	0.00981	0.34912	0.00926	0.00833	0.00659	0.00556	0.58965	0.00377	0.00757
0.01438	0.00983	0.17876	0.01866	0.00682	0.74223	0.00558	0.00548	0.00378	0.01447
0.04074	0.03863	0.72437	0.04196	0.02679	0.02592	0.0219	0.02155	0.01483	0.04331
0.74936	0.03868	0.03319	0.03153	0.05204	0.02597	0.02196	0.02157	0.01488	0.01082
0.02351	0.8687	0.01912	0.01817	0.0157	0.01496	0.01264	0.01243	0.00856	0.00622
0.04074	0.03862	0.74122	0.03149	0.04344	0.02592	0.0219	0.02363	0.01483	0.0182
0.04074	0.03862	0.74122	0.03149	0.04344	0.02592	0.0219	0.02363	0.01483	0.0182
0.04074	0.03862	0.74122	0.03149	0.04344	0.02592	0.0219	0.02363	0.01483	0.0182
0.15331	0.14535	0.12468	0.11852	0.1008	0.09755	0.08239	0.08109	0.05579	0.04052
0.0235	0.02228	0.01911	0.01816	0.01545	0.0173	0.01263	0.01243	0.00856	0.85058
0.04077	0.08546	0.03316	0.03151	0.71405	0.02594	0.02192	0.02156	0.01485	0.01079
0.02558	0.00982	0.00843	0.56755	0.00681	0.17727	0.00557	0.00548	0.00378	0.1897
0.04074	0.03863	0.03313	0.0315	0.02679	0.02592	0.0219	0.02155	0.74906	0.01077
0.15331	0.14535	0.12468	0.11852	0.1008	0.09755	0.08239	0.08109	0.05579	0.04052
0.15331	0.14535	0.12468	0.11852	0.1008	0.09755	0.08239	0.08109	0.05579	0.04052
0.04076	0.77277	0.03315	0.0315	0.0268	0.02593	0.02191	0.02155	0.01484	0.01078
0.01651	0.01565	0.05371	0.01276	0.86023	0.01051	0.00888	0.00937	0.00601	0.00637
0.02351	0.80544	0.01912	0.01817	0.07893	0.01496	0.01264	0.01243	0.00856	0.00622
0.04076	0.0626	0.03315	0.03151	0.02681	0.02594	0.73206	0.02156	0.01484	0.01079
0.15331	0.14535	0.12468	0.11852	0.1008	0.09755	0.08239	0.08109	0.05579	0.04052
0.0235	0.86872	0.01911	0.01817	0.0157	0.01496	0.01264	0.01243	0.00856	0.00622
0.8613	0.02228	0.01911	0.01817	0.01545	0.01496	0.02036	0.01243	0.00972	0.00622
0.01651	0.01565	0.01343	0.01276	0.01086	0.0105	0.90119	0.00873	0.00601	0.00437
0.71059	0.03866	0.03316	0.03151	0.02682	0.02595	0.0861	0.02156	0.01485	0.0108
0.15331	0.14535	0.12468	0.11852	0.1008	0.09755	0.08239	0.08109	0.05579	0.04052
0.06045	0.0279	0.01912	0.01817	0.01546	0.01496	0.81671	0.01243	0.00856	0.00622
0.04074	0.03862	0.74122	0.03149	0.04344	0.02592	0.0219	0.02363	0.01483	0.0182
0.15331	0.14535	0.12468	0.11852	0.1008	0.09755	0.08239	0.08109	0.05579	0.04052
0.01652	0.01566	0.01343	0.01277	0.9024	0.01051	0.00889	0.00943	0.00602	0.00437
0.04078	0.03865	0.76716	0.03151	0.02682	0.02595	0.02193	0.02156	0.01485	0.01079
0.15331	0.14535	0.12468	0.11852	0.1008	0.09755	0.08239	0.08109	0.05579	0.04052
0.02352	0.02229	0.8657	0.01817	0.01547	0.01497	0.01265	0.01243	0.00857	0.00623
0.00873	0.00828	0.08538	0.00838	0.00914	0.00556	0.0047	0.8613	0.00318	0.00536
0.04079	0.03867	0.09049	0.05181	0.68308	0.02596	0.02195	0.02157	0.01487	0.01081
0.15331	0.14535	0.12468	0.11852	0.1008	0.09755	0.08239	0.08109	0.05579	0.04052
0.09824	0.01567	0.01344	0.01277	0.01087	0.01052	0.00889	0.81919	0.00602	0.00438
0.15331	0.14535	0.12468	0.11852	0.1008	0.09755	0.08239	0.08109	0.05579	0.04052
0.31246	0.01567	0.01345	0.0381	0.01088	0.01052	0.0089	0.02249	0.00785	0.55969
0.15331	0.14535	0.12468	0.11852	0.1008	0.09755	0.08239	0.08109	0.05579	0.04052
0.15331	0.14535	0.12468	0.11852	0.1008	0.09755	0.08239	0.08109	0.05579	0.04052
0.02349	0.02227	0.84969	0.02081	0.01922	0.01495	0.01263	0.01301	0.00855	0.01538
0.04075	0.03863	0.03314	0.0315	0.02679	0.02593	0.7561	0.02155	0.01483	0.01078
0.47087	0.01207	0.01036	0.4686	0.00838	0.00811	0.00685	0.00673	0.00464	0.00338
0.7705	0.03862	0.03313	0.03149	0.02679	0.02592	0.0219	0.02155	0.01932	0.01077
0.0235	0.86872	0.01911	0.01817	0.0157	0.01496	0.01264	0.01243	0.00856	0.00622
0.15331	0.14535	0.12468	0.11852	0.1008	0.09755	0.08239	0.08109	0.05579	0.04052
0.81998	0.02228	0.01912	0.01817	0.01546	0.06392	0.01264	0.01243	0.00979	0.00622
0.15331	0.14535	0.12468	0.11852	0.1008	0.09755	0.08239	0.08109	0.05579	0.04052
0.04075	0.04379	0.03314	0.0315	0.0268	0.02593	0.75092	0.02155	0.01484	0.01078
0.04075	0.04379	0.03314	0.0315	0.0268	0.02593	0.75092	0.02155	0.01484	0.01078
0.04077	0.77269	0.03316	0.03151	0.02681	0.02594	0.02192	0.02156	0.01485	0.01079
0.0235	0.02228	0.85931	0.0208	0.01545	0.01496	0.01264	0.01243	0.00856	0.01008
0.01275	0.01209	0.01037	0.00985	0.23538	0.00812	0.00687	0.69654	0.00465	0.00339
0.04077	0.03865	0.03315	0.03151	0.02681	0.02594	0.75598	0.02156	0.01485	0.01079
0.15331	0.14535	0.12468	0.11852	0.1008	0.09755	0.08239	0.08109	0.05579	0.04052
0.15331	0.14535	0.12468	0.11852	0.1008	0.09755	0.08239	0.08109	0.05579	0.04052
0.15331	0.14535	0.12468	0.11852	0.1008	0.09755	0.08239	0.08109	0.05579	0.04052
0.15331	0.14535	0.12468	0.11852	0.1008	0.09755	0.08239	0.08109	0.05579	0.04052
0.15331	0.14535	0.12468	0.11852	0.1008	0.09755	0.08239	0.08109	0.05579	0.04052
0.01273	0.24099	0.01035	0.00984	0.00863	0.0081	0.00684	0.69453	0.00463	0.00337
0.86426	0.0223	0.01913	0.01817	0.01547	0.01497	0.0144	0.01651	0.00857	0.00623
0.86426	0.0223	0.01913	0.01817	0.01547	0.01497	0.0144	0.01651	0.00857	0.00623
0.7705	0.03862	0.03313	0.03149	0.02679	0.02592	0.0219	0.02155	0.01932	0.01077
0.0235	0.02228	0.01911	0.01817	0.86214	0.01496	0.01264	0.01243	0.00856	0.00622
0.15331	0.14535	0.12468	0.11852	0.1008	0.09755	0.08239	0.08109	0.05579	0.04052
0.15331	0.14535	0.12468	0.11852	0.1008	0.09755	0.08239	0.08109	0.05579	0.04052
0.15331	0.14535	0.12468	0.11852	0.1008	0.09755	0.08239	0.08109	0.05579	0.04052
0.04075	0.03863	0.03314	0.0315	0.02679	0.02593	0.7561	0.02155	0.01483	0.01078
0.15331	0.14535	0.12468	0.11852	0.1008	0.09755	0.08239	0.08109	0.05579	0.04052
0.04076	0.0626	0.03315	0.03151	0.02681	0.02594	0.73206	0.02156	0.01484	0.01079
0.15331	0.14535	0.12468	0.11852	0.1008	0.09755	0.08239	0.08109	0.05579	0.04052
0.04074	0.03863	0.03313	0.0315	0.02679	0.02592	0.0219	0.02155	0.74906	0.01077
0.15331	0.14535	0.12468	0.11852	0.1008	0.09755	0.08239	0.08109	0.05579	0.04052
0.74769	0.03867	0.03317	0.03152	0.02683	0.02596	0.02877	0.04173	0.01486	0.0108
0.15331	0.14535	0.12468	0.11852	0.1008	0.09755	0.08239	0.08109	0.05579	0.04052
0.15331	0.14535	0.12468	0.11852	0.1008	0.09755	0.08239	0.08109	0.05579	0.04052
0.54332	0.33397	0.01913	0.01818	0.01547	0.01497	0.01266	0.01656	0.0195	0.00623
0.04081	0.03868	0.03319	0.76528	0.02684	0.02597	0.02196	0.02157	0.01488	0.01082
0.01036	0.00982	0.00843	0.00822	0.37928	0.00659	0.00557	0.56521	0.00377	0.00274
0.07094	0.01206	0.01035	0.00984	0.00837	0.0081	0.00684	0.00673	0.86341	0.00337
0.07094	0.01206	0.01035	0.00984	0.00837	0.0081	0.00684	0.00673	0.86341	0.00337
0.15331	0.14535	0.12468	0.11852	0.1008	0.09755	0.08239	0.08109	0.05579	0.04052
0.04075	0.03864	0.03314	0.0315	0.0268	0.02593	0.75607	0.02155	0.01484	0.01078
0.02353	0.0223	0.01914	0.01818	0.43916	0.01497	0.01266	0.43524	0.00858	0.00624
0.01036	0.00982	0.00842	0.56747	0.37979	0.00659	0.00557	0.00548	0.00377	0.00274
0.0168	0.00716	0.00614	0.27772	0.0254	0.00481	0.00407	0.65315	0.00275	0.002
0.71059	0.03866	0.03316	0.03151	0.02682	0.02595	0.0861	0.02156	0.01485	0.0108
0.87008	0.02229	0.01913	0.01817	0.01547	0.01497	0.01265	0.01244	0.00857	0.00623
0.01651	0.01565	0.01343	0.90507	0.01086	0.0105	0.00887	0.00873	0.00601	0.00437
0.01273	0.01207	0.01035	0.00984	0.00837	0.89901	0.00685	0.00673	0.00464	0.02941
0.90824	0.01566	0.01343	0.01276	0.01086	0.01051	0.00888	0.00873	0.00654	0.00437
0.04074	0.03862	0.74122	0.03149	0.04344	0.02592	0.0219	0.02363	0.01483	0.0182
0.15331	0.14535	0.12468	0.11852	0.1008	0.09755	0.08239	0.08109	0.05579	0.04052
0.01651	0.01565	0.01343	0.01276	0.01086	0.90278	0.00888	0.00873	0.00601	0.00437
0.01651	0.01565	0.01343	0.01276	0.01086	0.90278	0.00888	0.00873	0.00601	0.00437
0.0564	0.03871	0.03322	0.11101	0.02687	0.66446	0.02199	0.02159	0.0149	0.01084
0.04075	0.03863	0.03314	0.0315	0.0268	0.02593	0.02191	0.02155	0.74902	0.01078
0.02349	0.02227	0.84969	0.02081	0.01922	0.01495	0.01263	0.01301	0.00855	0.01538
0.87008	0.02229	0.01913	0.01817	0.01547	0.01497	0.01265	0.01244	0.00857	0.00623
0.29998	0.01567	0.13374	0.01277	0.48166	0.01052	0.01168	0.02084	0.00603	0.00712
0.15331	0.14535	0.12468	0.11852	0.1008	0.09755	0.08239	0.08109	0.05579	0.04052
0.03167	0.01569	0.01346	0.87598	0.01089	0.02421	0.00892	0.00875	0.00604	0.0044
0.15331	0.14535	0.12468	0.11852	0.1008	0.09755	0.08239	0.08109	0.05579	0.04052
0.0235	0.86876	0.01911	0.01816	0.0157	0.01495	0.01263	0.01243	0.00855	0.00621
0.01652	0.90252	0.01343	0.01277	0.01624	0.01051	0.00888	0.00873	0.00602	0.00437
0.01652	0.90252	0.01343	0.01277	0.01624	0.01051	0.00888	0.00873	0.00602	0.00437
0.86499	0.0223	0.01913	0.01818	0.02052	0.01497	0.01266	0.01244	0.00857	0.00623
0.01794	0.51763	0.01343	0.01276	0.01086	0.01051	0.00888	0.00873	0.39488	0.00437
0.04078	0.03866	0.03316	0.03151	0.02682	0.75994	0.02193	0.02156	0.01485	0.0108
0.92427	0.01208	0.01036	0.01166	0.00838	0.01133	0.00686	0.00674	0.00495	0.00338
0.01275	0.01208	0.01037	0.00985	0.75837	0.00811	0.00686	0.17358	0.00465	0.00338
0.15331	0.14535	0.12468	0.11852	0.1008	0.09755	0.08239	0.08109	0.05579	0.04052
0.15331	0.14535	0.12468	0.11852	0.1008	0.09755	0.08239	0.08109	0.05579	0.04052
0.7705	0.03862	0.03313	0.03149	0.02679	0.02592	0.0219	0.02155	0.01932	0.01077
0.01651	0.01942	0.05391	0.01276	0.85623	0.01051	0.00888	0.00937	0.00601	0.00639
0.15331	0.14535	0.12468	0.11852	0.1008	0.09755	0.08239	0.08109	0.05579	0.04052
0.15331	0.14535	0.12468	0.11852	0.1008	0.09755	0.08239	0.08109	0.05579	0.04052
0.05308	0.01207	0.01035	0.00984	0.00837	0.0081	0.00685	0.88248	0.00464	0.00422
0.01651	0.01565	0.25597	0.0142	0.01392	0.0105	0.00887	0.0092	0.00601	0.64918
0.15331	0.14535	0.12468	0.11852	0.1008	0.09755	0.08239	0.08109	0.05579	0.04052
0.04074	0.03863	0.03314	0.0315	0.02679	0.76015	0.0219	0.02155	0.01483	0.01077
0.00935	0.00828	0.02237	0.24804	0.00575	0.49876	0.0047	0.00462	0.00318	0.19495
0.15331	0.14535	0.12468	0.11852	0.1008	0.09755	0.08239	0.08109	0.05579	0.04052
0.00755	0.54632	0.00614	0.4134	0.00899	0.0048	0.00406	0.00399	0.00275	0.002
0.00665	0.0063	0.0054	0.00513	0.01012	0.00423	0.00358	0.9544	0.00242	0.00176
0.04075	0.03863	0.03314	0.0315	0.02679	0.02593	0.7561	0.02155	0.01483	0.01078
0.04075	0.04379	0.03314	0.0315	0.0268	0.02593	0.75092	0.02155	0.01484	0.01078
0.15331	0.14535	0.12468	0.11852	0.1008	0.09755	0.08239	0.08109	0.05579	0.04052
0.00755	0.00715	0.00614	0.00583	0.00685	0.0048	0.00406	0.95288	0.00275	0.002
0.05019	0.74449	0.03316	0.03151	0.02681	0.02595	0.02193	0.02156	0.03362	0.01079
0.01651	0.31276	0.59682	0.01463	0.01351	0.01051	0.00888	0.00915	0.00601	0.01122
0.30139	0.01567	0.59682	0.01464	0.01352	0.01052	0.01166	0.01847	0.00602	0.01129
0.01329	0.00983	0.00844	0.22895	0.00683	0.71506	0.00559	0.00548	0.00378	0.00275
0.15331	0.14535	0.12468	0.11852	0.1008	0.09755	0.08239	0.08109	0.05579	0.04052
0.15331	0.14535	0.12468	0.11852	0.1008	0.09755	0.08239	0.08109	0.05579	0.04052
0.04075	0.03863	0.03314	0.0315	0.02679	0.02593	0.7561	0.02155	0.01483	0.01078
0.02352	0.86883	0.01913	0.01818	0.01547	0.01497	0.01266	0.01244	0.00857	0.00623
0.15331	0.14535	0.12468	0.11852	0.1008	0.09755	0.08239	0.08109	0.05579	0.04052
0.7705	0.03862	0.03313	0.03149	0.02679	0.02592	0.0219	0.02155	0.01932	0.01077
0.00873	0.00827	0.08509	0.00674	0.00973	0.00555	0.00469	0.86406	0.00318	0.00394
0.15331	0.14535	0.12468	0.11852	0.1008	0.09755	0.08239	0.08109	0.05579	0.04052
0.77469	0.03867	0.03317	0.03152	0.02683	0.02596	0.02194	0.02157	0.01486	0.0108
0.01651	0.01565	0.01343	0.01276	0.01086	0.01051	0.90116	0.00873	0.00601	0.00437
0.04074	0.03863	0.03314	0.0315	0.02679	0.76015	0.0219	0.02155	0.01483	0.01077
0.04074	0.03863	0.03314	0.0315	0.02679	0.76015	0.0219	0.02155	0.01483	0.01077
0.15331	0.14535	0.12468	0.11852	0.1008	0.09755	0.08239	0.08109	0.05579	0.04052
0.15331	0.14535	0.12468	0.11852	0.1008	0.09755	0.08239	0.08109	0.05579	0.04052
0.01275	0.47093	0.45843	0.01757	0.00839	0.00811	0.00686	0.00674	0.00465	0.00557
0.15331	0.14535	0.12468	0.11852	0.1008	0.09755	0.08239	0.08109	0.05579	0.04052
0.04078	0.03865	0.76716	0.03151	0.02682	0.02595	0.02193	0.02156	0.01485	0.01079
0.0235	0.86897	0.01911	0.01817	0.01545	0.01496	0.01264	0.01243	0.00856	0.00622
0.15331	0.14535	0.12468	0.11852	0.1008	0.09755	0.08239	0.08109	0.05579	0.04052
0.15331	0.14535	0.12468	0.11852	0.1008	0.09755	0.08239	0.08109	0.05579	0.04052
0.01772	0.86532	0.01344	0.01277	0.01628	0.01052	0.04334	0.00874	0.00751	0.00438
0.01272	0.01206	0.01035	0.00984	0.00837	0.0081	0.00684	0.92372	0.00463	0.00337
0.15331	0.14535	0.12468	0.11852	0.1008	0.09755	0.08239	0.08109	0.05579	0.04052
0.01651	0.01565	0.01343	0.01517	0.01086	0.01154	0.00888	0.00873	0.00601	0.89322
0.1492	0.01565	0.01343	0.01276	0.01086	0.01051	0.00888	0.00873	0.76562	0.00437
0.15331	0.14535	0.12468	0.11852	0.1008	0.09755	0.08239	0.08109	0.05579	0.04052
0.00873	0.00828	0.0071	0.0068	0.94826	0.00556	0.0047	0.00509	0.00318	0.00231
0.01651	0.61039	0.29079	0.01702	0.01086	0.01051	0.00888	0.00873	0.00601	0.0203
0.02349	0.02227	0.84969	0.02081	0.01922	0.01495	0.01263	0.01301	0.00855	0.01538
0.01652	0.87476	0.01343	0.01276	0.01086	0.01051	0.04203	0.00873	0.00602	0.00437
0.15331	0.14535	0.12468	0.11852	0.1008	0.09755	0.08239	0.08109	0.05579	0.04052
0.15331	0.14535	0.12468	0.11852	0.1008	0.09755	0.08239	0.08109	0.05579	0.04052
0.15331	0.14535	0.12468	0.11852	0.1008	0.09755	0.08239	0.08109	0.05579	0.04052
0.02351	0.86892	0.01912	0.01817	0.01546	0.01496	0.01264	0.01243	0.00856	0.00622
